raw,rawselected,best,generations,tabu_list_size,neighborhood_size,runtime
0.2193333333333333,0.2193333333333333,0.2193333333333333,1,7,20,0.9992356300354004
0.502,0.502,0.502,2,7,20,23.233200311660767
0.544,0.544,0.544,3,7,20,49.921483516693115
0.544,0.544,0.544,4,7,20,71.64322280883789
0.544,0.544,0.544,5,7,20,92.80040669441223
0.544,0.544,0.544,6,7,20,116.10000514984131
0.544,0.544,0.544,7,7,20,139.96388030052185
0.571,0.571,0.571,8,7,20,161.20008444786072
0.5949999999999999,0.5949999999999999,0.5949999999999999,9,7,20,181.29331707954407
0.5949999999999999,0.5949999999999999,0.5949999999999999,10,7,20,205.5278344154358
0.5949999999999999,0.5949999999999999,0.5949999999999999,11,7,20,226.65233945846558
0.5949999999999999,0.5949999999999999,0.5949999999999999,12,7,20,247.6978244781494
0.5949999999999999,0.5949999999999999,0.5949999999999999,13,7,20,269.0939016342163
0.5949999999999999,0.5949999999999999,0.5949999999999999,14,7,20,288.958438873291
0.5949999999999999,0.5949999999999999,0.5949999999999999,15,7,20,309.4989104270935
0.5949999999999999,0.5949999999999999,0.5949999999999999,16,7,20,332.59123706817627
0.646,0.646,0.646,17,7,20,354.81500244140625
0.646,0.646,0.646,18,7,20,376.5531527996063
0.646,0.646,0.646,19,7,20,399.8296728134155
0.646,0.646,0.646,20,7,20,421.39482164382935
0.646,0.646,0.646,21,7,20,444.11181926727295
0.652,0.652,0.652,22,7,20,464.7900846004486
0.652,0.652,0.652,23,7,20,484.6822111606598
0.769,0.769,0.769,24,7,20,504.6210377216339
0.769,0.769,0.769,25,7,20,525.1373269557953
0.769,0.769,0.769,26,7,20,545.2616295814514
0.769,0.769,0.769,27,7,20,566.6420428752899
0.769,0.769,0.769,28,7,20,587.5789680480957
0.769,0.769,0.769,29,7,20,609.4754586219788
0.769,0.769,0.769,30,7,20,630.9109687805176
0.769,0.769,0.769,31,7,20,657.7919940948486
0.769,0.769,0.769,32,7,20,681.3260290622711
0.769,0.769,0.769,33,7,20,701.7995891571045
0.769,0.769,0.769,34,7,20,725.3220565319061
0.769,0.769,0.769,35,7,20,748.4205391407013
0.769,0.769,0.769,36,7,20,770.7349934577942
0.769,0.769,0.769,37,7,20,793.4505572319031
0.769,0.769,0.769,38,7,20,815.4432876110077
0.769,0.769,0.769,39,7,20,834.6441133022308
0.769,0.769,0.769,40,7,20,856.1821131706238
0.769,0.769,0.769,41,7,20,878.1960296630859
0.769,0.769,0.769,42,7,20,901.2145719528198
0.769,0.769,0.769,43,7,20,923.1487658023834
0.769,0.769,0.769,44,7,20,944.5573778152466
0.769,0.769,0.769,45,7,20,967.4812965393066
0.769,0.769,0.769,46,7,20,992.1297192573547
0.769,0.769,0.769,47,7,20,1014.8448390960693
0.769,0.769,0.769,48,7,20,1035.6873841285706
0.769,0.769,0.769,49,7,20,1058.5167396068573
0.769,0.769,0.769,50,7,20,1079.9793379306793
0.769,0.769,0.769,51,7,20,1102.43874001503
0.769,0.769,0.769,52,7,20,1125.820830821991
0.769,0.769,0.769,53,7,20,1146.126079082489
0.769,0.769,0.769,54,7,20,1167.7236742973328
0.769,0.769,0.769,55,7,20,1188.6956250667572
0.769,0.769,0.769,56,7,20,1211.4892072677612
0.769,0.769,0.769,57,7,20,1239.677892446518
0.769,0.769,0.769,58,7,20,1260.1666464805603
0.769,0.769,0.769,59,7,20,1282.3641560077667
0.769,0.769,0.769,60,7,20,1302.6230990886688
0.769,0.769,0.769,61,7,20,1323.6879272460938
0.769,0.769,0.769,62,7,20,1348.2609219551086
0.769,0.769,0.769,63,7,20,1370.8449108600616
0.769,0.769,0.769,64,7,20,1393.4913148880005
0.769,0.769,0.769,65,7,20,1412.8365743160248
0.769,0.769,0.769,66,7,20,1436.1065926551819
0.769,0.769,0.769,67,7,20,1458.2007932662964
0.769,0.769,0.769,68,7,20,1478.8841462135315
0.802,0.802,0.802,69,7,20,1497.5955402851105
0.802,0.802,0.802,70,7,20,1520.301671743393
0.802,0.802,0.802,71,7,20,1541.4710114002228
0.802,0.802,0.802,72,7,20,1563.4356882572174
0.802,0.802,0.802,73,7,20,1586.175377368927
0.802,0.802,0.802,74,7,20,1609.57084774971
0.802,0.802,0.802,75,7,20,1631.4748983383179
0.802,0.802,0.802,76,7,20,1655.5027735233307
0.802,0.802,0.802,77,7,20,1678.123728275299
0.802,0.802,0.802,78,7,20,1699.1140797138214
0.802,0.802,0.802,79,7,20,1721.2358317375183
0.802,0.802,0.802,80,7,20,1743.0276782512665
0.802,0.802,0.802,81,7,20,1768.762375831604
0.802,0.802,0.802,82,7,20,1791.6732947826385
0.802,0.802,0.802,83,7,20,1813.9160187244415
0.8109999999999999,0.8109999999999999,0.8109999999999999,84,7,20,1840.6698307991028
0.8109999999999999,0.8109999999999999,0.8109999999999999,85,7,20,1863.1620054244995
0.8109999999999999,0.8109999999999999,0.8109999999999999,86,7,20,1883.3781156539917
0.8109999999999999,0.8109999999999999,0.8109999999999999,87,7,20,1906.8154094219208
0.8109999999999999,0.8109999999999999,0.8109999999999999,88,7,20,1928.2603158950806
0.8109999999999999,0.8109999999999999,0.8109999999999999,89,7,20,1953.151982307434
0.8109999999999999,0.8109999999999999,0.8109999999999999,90,7,20,1974.5831241607666
0.8109999999999999,0.8109999999999999,0.8109999999999999,91,7,20,1995.68692612648
0.8109999999999999,0.8109999999999999,0.8109999999999999,92,7,20,2019.3859021663666
0.8109999999999999,0.8109999999999999,0.8109999999999999,93,7,20,2041.1065623760223
0.8109999999999999,0.8109999999999999,0.8109999999999999,94,7,20,2069.4133217334747
0.8109999999999999,0.8109999999999999,0.8109999999999999,95,7,20,2090.066876411438
0.8109999999999999,0.8109999999999999,0.8109999999999999,96,7,20,2111.079203605652
0.8109999999999999,0.8109999999999999,0.8109999999999999,97,7,20,2133.3962304592133
0.8109999999999999,0.8109999999999999,0.8109999999999999,98,7,20,2155.2048511505127
0.8109999999999999,0.8109999999999999,0.8109999999999999,99,7,20,2174.8077170848846
0.8109999999999999,0.8109999999999999,0.8109999999999999,100,7,20,2196.5873572826385
0.8109999999999999,0.8109999999999999,0.8109999999999999,101,7,20,2220.236227750778
0.8109999999999999,0.8109999999999999,0.8109999999999999,102,7,20,2240.92187333107
0.8109999999999999,0.8109999999999999,0.8109999999999999,103,7,20,2264.0973019599915
0.8109999999999999,0.8109999999999999,0.8109999999999999,104,7,20,2285.2738587856293
0.8109999999999999,0.8109999999999999,0.8109999999999999,105,7,20,2305.5275197029114
0.8109999999999999,0.8109999999999999,0.8109999999999999,106,7,20,2325.628779411316
0.8109999999999999,0.8109999999999999,0.8109999999999999,107,7,20,2347.967200279236
0.8109999999999999,0.8109999999999999,0.8109999999999999,108,7,20,2368.8550560474396
0.8109999999999999,0.8109999999999999,0.8109999999999999,109,7,20,2389.516022205353
0.8109999999999999,0.8109999999999999,0.8109999999999999,110,7,20,2410.17929315567
0.8109999999999999,0.8109999999999999,0.8109999999999999,111,7,20,2429.1220111846924
0.8109999999999999,0.8109999999999999,0.8109999999999999,112,7,20,2456.406777858734
0.8109999999999999,0.8109999999999999,0.8109999999999999,113,7,20,2477.571599006653
0.8109999999999999,0.8109999999999999,0.8109999999999999,114,7,20,2498.8277263641357
0.8109999999999999,0.8109999999999999,0.8109999999999999,115,7,20,2519.924264192581
0.8109999999999999,0.8109999999999999,0.8109999999999999,116,7,20,2543.9707548618317
0.8109999999999999,0.8109999999999999,0.8109999999999999,117,7,20,2563.6164247989655
0.835,0.835,0.835,118,7,20,2584.037173271179
0.835,0.835,0.835,119,7,20,2604.93114566803
0.835,0.835,0.835,120,7,20,2625.6309657096863
0.835,0.835,0.835,121,7,20,2648.5235335826874
0.835,0.835,0.835,122,7,20,2671.7404663562775
0.835,0.835,0.835,123,7,20,2693.4700281620026
0.835,0.835,0.835,124,7,20,2715.8450767993927
0.835,0.835,0.835,125,7,20,2739.676084756851
0.835,0.835,0.835,126,7,20,2760.3028371334076
0.835,0.835,0.835,127,7,20,2783.29820394516
0.835,0.835,0.835,128,7,20,2803.7575619220734
0.835,0.835,0.835,129,7,20,2825.5341913700104
0.835,0.835,0.835,130,7,20,2849.6170852184296
0.835,0.835,0.835,131,7,20,2870.251418352127
0.835,0.835,0.835,132,7,20,2891.3822894096375
0.835,0.835,0.835,133,7,20,2913.4762773513794
0.835,0.835,0.835,134,7,20,2936.997328042984
0.835,0.835,0.835,135,7,20,2960.324718952179
0.835,0.835,0.835,136,7,20,2983.7818195819855
0.835,0.835,0.835,137,7,20,3003.7199733257294
0.835,0.835,0.835,138,7,20,3027.710324525833
0.835,0.835,0.835,139,7,20,3054.0446059703827
0.835,0.835,0.835,140,7,20,3077.1101944446564
0.835,0.835,0.835,141,7,20,3097.6083509922028
0.835,0.835,0.835,142,7,20,3120.938519001007
0.835,0.835,0.835,143,7,20,3144.178827524185
0.835,0.835,0.835,144,7,20,3165.2393045425415
0.835,0.835,0.835,145,7,20,3184.4627528190613
0.835,0.835,0.835,146,7,20,3206.459647655487
0.835,0.835,0.835,147,7,20,3228.3276760578156
0.835,0.835,0.835,148,7,20,3248.8689839839935
0.835,0.835,0.835,149,7,20,3268.5762119293213
0.835,0.835,0.835,150,7,20,3289.620105743408
0.835,0.835,0.835,151,7,20,3312.5431745052338
0.835,0.835,0.835,152,7,20,3334.123991727829
0.835,0.835,0.835,153,7,20,3355.139164209366
0.835,0.835,0.835,154,7,20,3378.5109028816223
0.835,0.835,0.835,155,7,20,3399.5278165340424
0.835,0.835,0.835,156,7,20,3421.253601551056
0.835,0.835,0.835,157,7,20,3442.3194749355316
0.835,0.835,0.835,158,7,20,3462.94037938118
0.835,0.835,0.835,159,7,20,3484.5955243110657
0.835,0.835,0.835,160,7,20,3508.2262709140778
0.835,0.835,0.835,161,7,20,3528.88410282135
0.835,0.835,0.835,162,7,20,3551.35507440567
0.835,0.835,0.835,163,7,20,3571.358565568924
0.835,0.835,0.835,164,7,20,3593.7140967845917
0.835,0.835,0.835,165,7,20,3616.054946899414
0.835,0.835,0.835,166,7,20,3641.557332754135
0.835,0.835,0.835,167,7,20,3664.03098320961
0.835,0.835,0.835,168,7,20,3684.397758245468
0.835,0.835,0.835,169,7,20,3707.8862426280975
0.835,0.835,0.835,170,7,20,3728.2007887363434
0.835,0.835,0.835,171,7,20,3751.5831410884857
0.835,0.835,0.835,172,7,20,3774.1487748622894
0.835,0.835,0.835,173,7,20,3796.025614976883
0.835,0.835,0.835,174,7,20,3817.6517417430878
0.835,0.835,0.835,175,7,20,3841.2479326725006
0.835,0.835,0.835,176,7,20,3863.8785302639008
0.835,0.835,0.835,177,7,20,3884.827822446823
0.835,0.835,0.835,178,7,20,3906.4893865585327
0.835,0.835,0.835,179,7,20,3928.1969401836395
0.835,0.835,0.835,180,7,20,3950.496109724045
0.835,0.835,0.835,181,7,20,3972.396978855133
0.835,0.835,0.835,182,7,20,3994.2722482681274
0.835,0.835,0.835,183,7,20,4014.591534614563
0.835,0.835,0.835,184,7,20,4033.452476501465
0.835,0.835,0.835,185,7,20,4056.6618342399597
0.835,0.835,0.835,186,7,20,4080.0377287864685
0.835,0.835,0.835,187,7,20,4102.584250926971
0.835,0.835,0.835,188,7,20,4126.499997854233
0.835,0.835,0.835,189,7,20,4150.202531814575
0.835,0.835,0.835,190,7,20,4171.855496883392
0.835,0.835,0.835,191,7,20,4194.622601985931
0.835,0.835,0.835,192,7,20,4215.891133785248
0.835,0.835,0.835,193,7,20,4242.7610919475555
0.835,0.835,0.835,194,7,20,4265.063109636307
0.835,0.835,0.835,195,7,20,4286.354337930679
0.835,0.835,0.835,196,7,20,4306.306345701218
0.835,0.835,0.835,197,7,20,4326.780360221863
0.835,0.835,0.835,198,7,20,4349.858943223953
0.835,0.835,0.835,199,7,20,4372.699417114258
0.835,0.835,0.835,200,7,20,4392.584603309631
0.835,0.835,0.835,201,7,20,4412.978174209595
0.835,0.835,0.835,202,7,20,4433.185303688049
0.835,0.835,0.835,203,7,20,4455.524904489517
0.835,0.835,0.835,204,7,20,4479.580637931824
0.835,0.835,0.835,205,7,20,4504.3448939323425
0.835,0.835,0.835,206,7,20,4525.9547510147095
0.835,0.835,0.835,207,7,20,4546.413555860519
0.835,0.835,0.835,208,7,20,4568.427460432053
0.835,0.835,0.835,209,7,20,4590.609753370285
0.835,0.835,0.835,210,7,20,4613.088769435883
0.835,0.835,0.835,211,7,20,4637.397707462311
0.835,0.835,0.835,212,7,20,4658.6522743701935
0.835,0.835,0.835,213,7,20,4679.012549638748
0.835,0.835,0.835,214,7,20,4701.9845542907715
0.835,0.835,0.835,215,7,20,4722.017983913422
0.835,0.835,0.835,216,7,20,4744.340562105179
0.835,0.835,0.835,217,7,20,4767.184646844864
0.835,0.835,0.835,218,7,20,4790.746693134308
0.835,0.835,0.835,219,7,20,4812.1379561424255
0.835,0.835,0.835,220,7,20,4841.089226484299
0.835,0.835,0.835,221,7,20,4862.541927576065
0.835,0.835,0.835,222,7,20,4883.391815900803
0.835,0.835,0.835,223,7,20,4906.666750669479
0.835,0.835,0.835,224,7,20,4929.506843328476
0.835,0.835,0.835,225,7,20,4953.711303949356
0.835,0.835,0.835,226,7,20,4975.357336759567
0.835,0.835,0.835,227,7,20,4995.59740114212
0.835,0.835,0.835,228,7,20,5017.884579658508
0.835,0.835,0.835,229,7,20,5039.538467168808
0.835,0.835,0.835,230,7,20,5062.3867082595825
0.835,0.835,0.835,231,7,20,5083.817283630371
0.835,0.835,0.835,232,7,20,5105.624194860458
0.835,0.835,0.835,233,7,20,5125.363941192627
0.835,0.835,0.835,234,7,20,5149.040357589722
0.835,0.835,0.835,235,7,20,5169.552185297012
0.835,0.835,0.835,236,7,20,5190.9911296367645
0.835,0.835,0.835,237,7,20,5212.524060964584
0.835,0.835,0.835,238,7,20,5233.369307756424
0.835,0.835,0.835,239,7,20,5253.08190202713
0.835,0.835,0.835,240,7,20,5271.902359962463
0.835,0.835,0.835,241,7,20,5296.295225381851
0.835,0.835,0.835,242,7,20,5316.252859115601
0.835,0.835,0.835,243,7,20,5336.1040115356445
0.835,0.835,0.835,244,7,20,5356.0412430763245
0.835,0.835,0.835,245,7,20,5379.561405181885
0.835,0.835,0.835,246,7,20,5399.397697687149
0.835,0.835,0.835,247,7,20,5420.744318008423
0.835,0.835,0.835,248,7,20,5447.778259277344
0.835,0.835,0.835,249,7,20,5468.244712114334
0.835,0.835,0.835,250,7,20,5489.560027599335
0.835,0.835,0.835,251,7,20,5508.693218708038
0.835,0.835,0.835,252,7,20,5528.778783798218
0.835,0.835,0.835,253,7,20,5550.046604394913
0.835,0.835,0.835,254,7,20,5572.76202082634
0.835,0.835,0.835,255,7,20,5594.157458782196
0.835,0.835,0.835,256,7,20,5617.009837388992
0.835,0.835,0.835,257,7,20,5642.298545598984
0.835,0.835,0.835,258,7,20,5669.371371984482
0.835,0.835,0.835,259,7,20,5690.2515869140625
0.844,0.844,0.844,260,7,20,5710.779011726379
0.844,0.844,0.844,261,7,20,5730.4732484817505
0.844,0.844,0.844,262,7,20,5750.001500606537
0.844,0.844,0.844,263,7,20,5771.1069185733795
0.844,0.844,0.844,264,7,20,5791.860663890839
0.844,0.844,0.844,265,7,20,5812.554067373276
0.844,0.844,0.844,266,7,20,5832.9030418396
0.844,0.844,0.844,267,7,20,5852.834095239639
0.844,0.844,0.844,268,7,20,5873.890996932983
0.844,0.844,0.844,269,7,20,5893.661223888397
0.844,0.844,0.844,270,7,20,5916.103676557541
0.844,0.844,0.844,271,7,20,5935.417032241821
0.844,0.844,0.844,272,7,20,5957.142908573151
0.844,0.844,0.844,273,7,20,5979.173451423645
0.844,0.844,0.844,274,7,20,5998.862127304077
0.844,0.844,0.844,275,7,20,6022.387438058853
0.844,0.844,0.844,276,7,20,6050.032056093216
0.844,0.844,0.844,277,7,20,6070.772661924362
0.844,0.844,0.844,278,7,20,6091.549817323685
0.844,0.844,0.844,279,7,20,6112.607126235962
0.844,0.844,0.844,280,7,20,6134.654346466064
0.844,0.844,0.844,281,7,20,6157.533577442169
0.844,0.844,0.844,282,7,20,6178.922272443771
0.844,0.844,0.844,283,7,20,6199.160749673843
0.844,0.844,0.844,284,7,20,6220.751823186874
0.856,0.856,0.856,285,7,20,6240.064288139343
0.856,0.856,0.856,286,7,20,6260.939677238464
0.856,0.856,0.856,287,7,20,6284.749655008316
0.856,0.856,0.856,288,7,20,6306.433004140854
0.856,0.856,0.856,289,7,20,6328.887637853622
0.856,0.856,0.856,290,7,20,6352.019030332565
0.856,0.856,0.856,291,7,20,6373.680666923523
0.856,0.856,0.856,292,7,20,6394.76513004303
0.856,0.856,0.856,293,7,20,6417.202611207962
0.856,0.856,0.856,294,7,20,6438.477839946747
0.856,0.856,0.856,295,7,20,6457.710420131683
0.856,0.856,0.856,296,7,20,6479.984579324722
0.856,0.856,0.856,297,7,20,6501.3490154743195
0.856,0.856,0.856,298,7,20,6522.546575307846
0.856,0.856,0.856,299,7,20,6544.90864443779
0.856,0.856,0.856,300,7,20,6566.859107017517
0.856,0.856,0.856,301,7,20,6589.6072516441345
0.856,0.856,0.856,302,7,20,6610.152532815933
0.856,0.856,0.856,303,7,20,6633.836871623993
0.856,0.856,0.856,304,7,20,6656.906347990036
0.856,0.856,0.856,305,7,20,6677.7318794727325
0.856,0.856,0.856,306,7,20,6697.437618255615
0.856,0.856,0.856,307,7,20,6719.949182987213
0.856,0.856,0.856,308,7,20,6742.697008609772
0.856,0.856,0.856,309,7,20,6764.8868000507355
0.856,0.856,0.856,310,7,20,6785.545075178146
0.856,0.856,0.856,311,7,20,6807.523772954941
0.856,0.856,0.856,312,7,20,6830.972442150116
0.856,0.856,0.856,313,7,20,6854.218210220337
0.856,0.856,0.856,314,7,20,6873.049931764603
0.856,0.856,0.856,315,7,20,6893.599163532257
0.856,0.856,0.856,316,7,20,6913.223049879074
0.856,0.856,0.856,317,7,20,6936.4845452308655
0.856,0.856,0.856,318,7,20,6956.987274646759
0.856,0.856,0.856,319,7,20,6977.31374669075
0.856,0.856,0.856,320,7,20,7001.256097316742
0.856,0.856,0.856,321,7,20,7020.25963139534
0.856,0.856,0.856,322,7,20,7042.109573602676
0.856,0.856,0.856,323,7,20,7064.5532875061035
0.856,0.856,0.856,324,7,20,7084.138499259949
0.856,0.856,0.856,325,7,20,7104.647026538849
0.856,0.856,0.856,326,7,20,7125.598270654678
0.856,0.856,0.856,327,7,20,7146.114935874939
0.856,0.856,0.856,328,7,20,7167.205603122711
0.856,0.856,0.856,329,7,20,7189.295341968536
0.856,0.856,0.856,330,7,20,7209.560703277588
0.856,0.856,0.856,331,7,20,7230.188414812088
0.856,0.856,0.856,332,7,20,7257.144615411758
0.856,0.856,0.856,333,7,20,7279.733211755753
0.856,0.856,0.856,334,7,20,7302.238841533661
0.856,0.856,0.856,335,7,20,7323.036773443222
0.856,0.856,0.856,336,7,20,7346.645505189896
0.856,0.856,0.856,337,7,20,7367.621081113815
0.856,0.856,0.856,338,7,20,7389.107470035553
0.856,0.856,0.856,339,7,20,7407.5865359306335
0.856,0.856,0.856,340,7,20,7429.715104818344
0.856,0.856,0.856,341,7,20,7451.227349758148
0.856,0.856,0.856,342,7,20,7472.710789442062
0.856,0.856,0.856,343,7,20,7492.874849319458
0.856,0.856,0.856,344,7,20,7512.287521362305
0.856,0.856,0.856,345,7,20,7532.731135845184
0.856,0.856,0.856,346,7,20,7553.324396848679
0.856,0.856,0.856,347,7,20,7575.022624731064
0.856,0.856,0.856,348,7,20,7596.627292633057
0.856,0.856,0.856,349,7,20,7617.127232551575
0.856,0.856,0.856,350,7,20,7639.0401883125305
0.856,0.856,0.856,351,7,20,7660.769949913025
0.856,0.856,0.856,352,7,20,7682.810110807419
0.856,0.856,0.856,353,7,20,7702.919990062714
0.856,0.856,0.856,354,7,20,7723.680827140808
0.856,0.856,0.856,355,7,20,7743.907486915588
0.856,0.856,0.856,356,7,20,7765.37314915657
0.856,0.856,0.856,357,7,20,7788.811238765717
0.856,0.856,0.856,358,7,20,7808.542316675186
0.856,0.856,0.856,359,7,20,7829.308792591095
0.856,0.856,0.856,360,7,20,7855.8720898628235
0.856,0.856,0.856,361,7,20,7876.706145763397
0.856,0.856,0.856,362,7,20,7897.304420232773
0.856,0.856,0.856,363,7,20,7919.331095695496
0.856,0.856,0.856,364,7,20,7942.104138851166
0.856,0.856,0.856,365,7,20,7961.89503288269
0.856,0.856,0.856,366,7,20,7984.336550712585
0.856,0.856,0.856,367,7,20,8006.005405187607
0.856,0.856,0.856,368,7,20,8026.538131952286
0.856,0.856,0.856,369,7,20,8047.588676691055
0.856,0.856,0.856,370,7,20,8069.723594665527
0.856,0.856,0.856,371,7,20,8094.105824947357
0.856,0.856,0.856,372,7,20,8115.674528360367
0.856,0.856,0.856,373,7,20,8137.463854074478
0.856,0.856,0.856,374,7,20,8157.748611688614
0.856,0.856,0.856,375,7,20,8178.495718955994
0.856,0.856,0.856,376,7,20,8199.049571037292
0.856,0.856,0.856,377,7,20,8219.766646146774
0.856,0.856,0.856,378,7,20,8238.85547208786
0.856,0.856,0.856,379,7,20,8260.212321519852
0.856,0.856,0.856,380,7,20,8281.007123470306
0.856,0.856,0.856,381,7,20,8301.135994911194
0.856,0.856,0.856,382,7,20,8323.650415420532
0.856,0.856,0.856,383,7,20,8345.384449481964
0.856,0.856,0.856,384,7,20,8368.354950904846
0.856,0.856,0.856,385,7,20,8389.658524513245
0.856,0.856,0.856,386,7,20,8408.864889621735
0.856,0.856,0.856,387,7,20,8429.302271842957
0.856,0.856,0.856,388,7,20,8455.495409727097
0.856,0.856,0.856,389,7,20,8475.419933795929
0.856,0.856,0.856,390,7,20,8496.815702676773
0.856,0.856,0.856,391,7,20,8517.900425195694
0.856,0.856,0.856,392,7,20,8542.243776082993
0.856,0.856,0.856,393,7,20,8566.631278276443
0.856,0.856,0.856,394,7,20,8586.438640117645
0.856,0.856,0.856,395,7,20,8610.070404291153
0.856,0.856,0.856,396,7,20,8630.045784235
0.856,0.856,0.856,397,7,20,8649.655942440033
0.856,0.856,0.856,398,7,20,8671.438141584396
0.856,0.856,0.856,399,7,20,8691.764008522034
0.856,0.856,0.856,400,7,20,8714.07568526268
0.856,0.856,0.856,401,7,20,8734.512531757355
0.856,0.856,0.856,402,7,20,8756.901754140854
0.856,0.856,0.856,403,7,20,8776.97658419609
0.856,0.856,0.856,404,7,20,8797.327774047852
0.856,0.856,0.856,405,7,20,8816.606415271759
0.856,0.856,0.856,406,7,20,8836.951644420624
0.856,0.856,0.856,407,7,20,8857.864269971848
0.856,0.856,0.856,408,7,20,8875.257469177246
0.856,0.856,0.856,409,7,20,8896.128628015518
0.856,0.856,0.856,410,7,20,8917.600932121277
0.856,0.856,0.856,411,7,20,8939.080481290817
0.856,0.856,0.856,412,7,20,8960.461181879044
0.856,0.856,0.856,413,7,20,8981.125861406326
0.856,0.856,0.856,414,7,20,9002.161226511002
0.856,0.856,0.856,415,7,20,9023.955666542053
0.856,0.856,0.856,416,7,20,9050.061617851257
0.856,0.856,0.856,417,7,20,9071.057438850403
0.856,0.856,0.856,418,7,20,9093.151251077652
0.856,0.856,0.856,419,7,20,9114.824251413345
0.856,0.856,0.856,420,7,20,9138.032274246216
0.856,0.856,0.856,421,7,20,9157.543237686157
0.856,0.856,0.856,422,7,20,9179.33842086792
0.856,0.856,0.856,423,7,20,9198.696568965912
0.856,0.856,0.856,424,7,20,9219.541458368301
0.856,0.856,0.856,425,7,20,9244.103664159775
0.856,0.856,0.856,426,7,20,9273.98128437996
0.856,0.856,0.856,427,7,20,9294.419691085815
0.856,0.856,0.856,428,7,20,9317.481429815292
0.856,0.856,0.856,429,7,20,9337.104728460312
0.856,0.856,0.856,430,7,20,9359.22365951538
0.856,0.856,0.856,431,7,20,9378.811305046082
0.856,0.856,0.856,432,7,20,9401.214725017548
0.856,0.856,0.856,433,7,20,9422.331156015396
0.856,0.856,0.856,434,7,20,9441.879240512848
0.856,0.856,0.856,435,7,20,9463.260835647583
0.856,0.856,0.856,436,7,20,9483.773035287857
0.856,0.856,0.856,437,7,20,9505.784065008163
0.856,0.856,0.856,438,7,20,9527.549350738525
0.856,0.856,0.856,439,7,20,9548.955498695374
0.856,0.856,0.856,440,7,20,9571.115962028503
0.856,0.856,0.856,441,7,20,9591.928329706192
0.856,0.856,0.856,442,7,20,9613.624248981476
0.856,0.856,0.856,443,7,20,9641.43921136856
0.856,0.856,0.856,444,7,20,9662.017245531082
0.856,0.856,0.856,445,7,20,9684.363897323608
0.856,0.856,0.856,446,7,20,9707.429426193237
0.856,0.856,0.856,447,7,20,9725.728559970856
0.856,0.856,0.856,448,7,20,9748.761910200119
0.856,0.856,0.856,449,7,20,9769.766180038452
0.856,0.856,0.856,450,7,20,9792.826323270798
0.856,0.856,0.856,451,7,20,9812.521657943726
0.856,0.856,0.856,452,7,20,9833.349302053452
0.856,0.856,0.856,453,7,20,9854.544082164764
0.856,0.856,0.856,454,7,20,9878.038116931915
0.856,0.856,0.856,455,7,20,9900.154012680054
0.856,0.856,0.856,456,7,20,9921.551996469498
0.856,0.856,0.856,457,7,20,9946.082832813263
0.856,0.856,0.856,458,7,20,9964.98363995552
0.856,0.856,0.856,459,7,20,9985.584050655365
0.856,0.856,0.856,460,7,20,10007.506583690643
0.856,0.856,0.856,461,7,20,10028.559593200684
0.856,0.856,0.856,462,7,20,10049.71881055832
0.856,0.856,0.856,463,7,20,10072.95388674736
0.856,0.856,0.856,464,7,20,10092.295645713806
0.856,0.856,0.856,465,7,20,10113.638801574707
0.856,0.856,0.856,466,7,20,10134.01778292656
0.856,0.856,0.856,467,7,20,10155.059179544449
0.856,0.856,0.856,468,7,20,10175.003706216812
0.856,0.856,0.856,469,7,20,10198.151653289795
0.856,0.856,0.856,470,7,20,10219.599358081818
0.856,0.856,0.856,471,7,20,10248.89946770668
0.856,0.856,0.856,472,7,20,10269.161259412766
0.856,0.856,0.856,473,7,20,10289.717238664627
0.856,0.856,0.856,474,7,20,10310.106753110886
0.856,0.856,0.856,475,7,20,10334.277902841568
0.856,0.856,0.856,476,7,20,10355.381251811981
0.856,0.856,0.856,477,7,20,10375.725489616394
0.856,0.856,0.856,478,7,20,10397.165331602097
0.856,0.856,0.856,479,7,20,10417.624467611313
0.856,0.856,0.856,480,7,20,10439.87542295456
0.856,0.856,0.856,481,7,20,10461.323756933212
0.856,0.856,0.856,482,7,20,10481.379935741425
0.856,0.856,0.856,483,7,20,10501.785737752914
0.856,0.856,0.856,484,7,20,10522.525466680527
0.856,0.856,0.856,485,7,20,10543.831273317337
0.856,0.856,0.856,486,7,20,10566.47967171669
0.856,0.856,0.856,487,7,20,10590.395709753036
0.856,0.856,0.856,488,7,20,10610.902646780014
0.856,0.856,0.856,489,7,20,10632.46646809578
0.856,0.856,0.856,490,7,20,10651.519690275192
0.856,0.856,0.856,491,7,20,10672.002472877502
0.856,0.856,0.856,492,7,20,10692.356312274933
0.856,0.856,0.856,493,7,20,10712.508068084717
0.856,0.856,0.856,494,7,20,10735.04557800293
0.856,0.856,0.856,495,7,20,10753.73270559311
0.856,0.856,0.856,496,7,20,10775.505682706833
0.856,0.856,0.856,497,7,20,10796.567233085632
0.856,0.856,0.856,498,7,20,10817.554091215134
0.856,0.856,0.856,499,7,20,10843.241475105286
0.856,0.856,0.856,500,7,20,10864.305452823639
0.856,0.856,0.856,501,7,20,10887.072084903717
0.856,0.856,0.856,502,7,20,10909.177433490753
0.856,0.856,0.856,503,7,20,10935.157156705856
0.856,0.856,0.856,504,7,20,10955.61366224289
0.856,0.856,0.856,505,7,20,10977.483481645584
0.856,0.856,0.856,506,7,20,10999.867418766022
0.856,0.856,0.856,507,7,20,11021.541163921356
0.856,0.856,0.856,508,7,20,11042.065994262695
0.856,0.856,0.856,509,7,20,11063.29431605339
0.856,0.856,0.856,510,7,20,11087.7971098423
0.856,0.856,0.856,511,7,20,11109.555195093155
0.856,0.856,0.856,512,7,20,11133.771685123444
0.856,0.856,0.856,513,7,20,11154.647790908813
0.856,0.856,0.856,514,7,20,11174.151006221771
0.856,0.856,0.856,515,7,20,11196.643251895905
0.856,0.856,0.856,516,7,20,11216.090423345566
0.856,0.856,0.856,517,7,20,11236.70224905014
0.856,0.856,0.856,518,7,20,11257.726473808289
0.856,0.856,0.856,519,7,20,11280.524987220764
0.856,0.856,0.856,520,7,20,11300.853588581085
0.856,0.856,0.856,521,7,20,11321.579799890518
0.856,0.856,0.856,522,7,20,11340.740187883377
0.856,0.856,0.856,523,7,20,11361.690733194351
0.856,0.856,0.856,524,7,20,11382.934362649918
0.856,0.856,0.856,525,7,20,11404.464844942093
0.856,0.856,0.856,526,7,20,11424.258483886719
0.856,0.856,0.856,527,7,20,11451.462274551392
0.856,0.856,0.856,528,7,20,11472.014651536942
0.856,0.856,0.856,529,7,20,11492.06504535675
0.856,0.856,0.856,530,7,20,11514.999467611313
0.856,0.856,0.856,531,7,20,11539.790316581726
0.856,0.856,0.856,532,7,20,11560.939911842346
0.856,0.856,0.856,533,7,20,11581.433551073074
0.856,0.856,0.856,534,7,20,11603.6810028553
0.856,0.856,0.856,535,7,20,11625.644561767578
0.856,0.856,0.856,536,7,20,11644.488239049911
0.856,0.856,0.856,537,7,20,11665.967968940735
0.856,0.856,0.856,538,7,20,11686.700284004211
0.856,0.856,0.856,539,7,20,11709.748169660568
0.856,0.856,0.856,540,7,20,11731.898911952972
0.856,0.856,0.856,541,7,20,11755.129914045334
0.856,0.856,0.856,542,7,20,11778.29253411293
0.856,0.856,0.856,543,7,20,11799.35580420494
0.856,0.856,0.856,544,7,20,11821.50263786316
0.856,0.856,0.856,545,7,20,11842.893122434616
0.856,0.856,0.856,546,7,20,11863.549678087234
0.856,0.856,0.856,547,7,20,11884.772771835327
0.856,0.856,0.856,548,7,20,11906.083132505417
0.856,0.856,0.856,549,7,20,11926.657150030136
0.856,0.856,0.856,550,7,20,11946.928830623627
0.856,0.856,0.856,551,7,20,11967.76763677597
0.856,0.856,0.856,552,7,20,11991.71921467781
0.856,0.856,0.856,553,7,20,12012.89986205101
0.856,0.856,0.856,554,7,20,12038.567245721817
0.856,0.856,0.856,555,7,20,12059.973342895508
0.856,0.856,0.856,556,7,20,12078.896067857742
0.856,0.856,0.856,557,7,20,12101.316669464111
0.856,0.856,0.856,558,7,20,12122.043760299683
0.856,0.856,0.856,559,7,20,12142.45207619667
0.856,0.856,0.856,560,7,20,12162.395028114319
0.856,0.856,0.856,561,7,20,12182.587813854218
0.856,0.856,0.856,562,7,20,12204.873057126999
0.856,0.856,0.856,563,7,20,12226.07853937149
0.856,0.856,0.856,564,7,20,12249.540526390076
0.856,0.856,0.856,565,7,20,12270.410342931747
0.856,0.856,0.856,566,7,20,12290.404608488083
0.856,0.856,0.856,567,7,20,12311.599297523499
0.856,0.856,0.856,568,7,20,12329.812181711197
0.856,0.856,0.856,569,7,20,12351.39878320694
0.856,0.856,0.856,570,7,20,12371.192459106445
0.856,0.856,0.856,571,7,20,12391.924411058426
0.856,0.856,0.856,572,7,20,12414.77890753746
0.856,0.856,0.856,573,7,20,12435.989199876785
0.856,0.856,0.856,574,7,20,12457.441949129105
0.856,0.856,0.856,575,7,20,12475.708042144775
0.856,0.856,0.856,576,7,20,12497.431817293167
0.856,0.856,0.856,577,7,20,12519.270965576172
0.856,0.856,0.856,578,7,20,12541.280702114105
0.856,0.856,0.856,579,7,20,12563.016826629639
0.856,0.856,0.856,580,7,20,12584.930194616318
0.856,0.856,0.856,581,7,20,12603.810773134232
0.856,0.856,0.856,582,7,20,12626.225328207016
0.856,0.856,0.856,583,7,20,12652.589741706848
0.856,0.856,0.856,584,7,20,12674.166531085968
0.856,0.856,0.856,585,7,20,12698.817260980606
0.856,0.856,0.856,586,7,20,12720.22247338295
0.856,0.856,0.856,587,7,20,12741.761123895645
0.856,0.856,0.856,588,7,20,12763.338328838348
0.856,0.856,0.856,589,7,20,12783.716451406479
0.856,0.856,0.856,590,7,20,12804.75231719017
0.856,0.856,0.856,591,7,20,12826.752691984177
0.856,0.856,0.856,592,7,20,12848.48946428299
0.856,0.856,0.856,593,7,20,12874.54507112503
0.856,0.856,0.856,594,7,20,12898.979901075363
0.856,0.856,0.856,595,7,20,12919.786383867264
0.856,0.856,0.856,596,7,20,12941.662516355515
0.856,0.856,0.856,597,7,20,12961.112197875977
0.856,0.856,0.856,598,7,20,12982.66807603836
0.856,0.856,0.856,599,7,20,13003.053101539612
0.856,0.856,0.856,600,7,20,13025.513499498367
0.856,0.856,0.856,601,7,20,13048.362402439117
0.856,0.856,0.856,602,7,20,13068.58681511879
0.856,0.856,0.856,603,7,20,13090.523639440536
0.856,0.856,0.856,604,7,20,13111.38883972168
0.856,0.856,0.856,605,7,20,13131.548815250397
0.856,0.856,0.856,606,7,20,13153.533894062042
0.856,0.856,0.856,607,7,20,13173.674694299698
0.856,0.856,0.856,608,7,20,13194.31073141098
0.856,0.856,0.856,609,7,20,13213.235370635986
0.856,0.856,0.856,610,7,20,13232.483978033066
0.856,0.856,0.856,611,7,20,13257.366307020187
0.856,0.856,0.856,612,7,20,13280.802140712738
0.856,0.856,0.856,613,7,20,13303.514074087143
0.856,0.856,0.856,614,7,20,13323.5923204422
0.856,0.856,0.856,615,7,20,13345.566584587097
0.856,0.856,0.856,616,7,20,13365.973795890808
0.856,0.856,0.856,617,7,20,13385.693345546722
0.856,0.856,0.856,618,7,20,13406.66942691803
0.856,0.856,0.856,619,7,20,13428.207586288452
0.856,0.856,0.856,620,7,20,13449.504632472992
0.856,0.856,0.856,621,7,20,13471.039595603943
0.856,0.856,0.856,622,7,20,13493.365597009659
0.856,0.856,0.856,623,7,20,13516.732491016388
0.856,0.856,0.856,624,7,20,13537.125002861023
0.856,0.856,0.856,625,7,20,13558.015667200089
0.856,0.856,0.856,626,7,20,13577.939529418945
0.856,0.856,0.856,627,7,20,13601.675835609436
0.856,0.856,0.856,628,7,20,13622.756552934647
0.856,0.856,0.856,629,7,20,13646.679149627686
0.856,0.856,0.856,630,7,20,13670.223755836487
0.856,0.856,0.856,631,7,20,13692.22666144371
0.856,0.856,0.856,632,7,20,13711.410924434662
0.856,0.856,0.856,633,7,20,13734.082421541214
0.856,0.856,0.856,634,7,20,13754.551631212234
0.856,0.856,0.856,635,7,20,13776.223976135254
0.856,0.856,0.856,636,7,20,13797.765961170197
0.856,0.856,0.856,637,7,20,13818.814450263977
0.856,0.856,0.856,638,7,20,13849.67122387886
0.856,0.856,0.856,639,7,20,13870.68818807602
0.856,0.856,0.856,640,7,20,13891.165741920471
0.856,0.856,0.856,641,7,20,13913.934753417969
0.856,0.856,0.856,642,7,20,13934.585393190384
0.856,0.856,0.856,643,7,20,13954.900685310364
0.856,0.856,0.856,644,7,20,13978.39623427391
0.856,0.856,0.856,645,7,20,13998.742790937424
0.856,0.856,0.856,646,7,20,14016.695644140244
0.856,0.856,0.856,647,7,20,14035.748470306396
0.856,0.856,0.856,648,7,20,14057.401635169983
0.856,0.856,0.856,649,7,20,14078.604693174362
0.856,0.856,0.856,650,7,20,14103.150707483292
0.856,0.856,0.856,651,7,20,14123.242672204971
0.856,0.856,0.856,652,7,20,14144.69261932373
0.856,0.856,0.856,653,7,20,14165.174089193344
0.856,0.856,0.856,654,7,20,14184.647490024567
0.856,0.856,0.856,655,7,20,14206.007748365402
0.856,0.856,0.856,656,7,20,14226.044914722443
0.856,0.856,0.856,657,7,20,14246.529922962189
0.856,0.856,0.856,658,7,20,14267.998182058334
0.856,0.856,0.856,659,7,20,14287.99487400055
0.856,0.856,0.856,660,7,20,14309.757440805435
0.856,0.856,0.856,661,7,20,14333.187630653381
0.856,0.856,0.856,662,7,20,14354.159401893616
0.856,0.856,0.856,663,7,20,14376.897609949112
0.856,0.856,0.856,664,7,20,14397.719429254532
0.856,0.856,0.856,665,7,20,14422.12018752098
0.856,0.856,0.856,666,7,20,14448.619898080826
0.856,0.856,0.856,667,7,20,14470.987408161163
0.856,0.856,0.856,668,7,20,14491.45774269104
0.856,0.856,0.856,669,7,20,14511.579759597778
0.856,0.856,0.856,670,7,20,14533.7542386055
0.856,0.856,0.856,671,7,20,14555.535210132599
0.856,0.856,0.856,672,7,20,14578.112498998642
0.856,0.856,0.856,673,7,20,14598.653003931046
0.856,0.856,0.856,674,7,20,14620.501430988312
0.856,0.856,0.856,675,7,20,14640.088513851166
0.856,0.856,0.856,676,7,20,14662.435428857803
0.856,0.856,0.856,677,7,20,14684.262269735336
0.856,0.856,0.856,678,7,20,14707.647554159164
0.856,0.856,0.856,679,7,20,14729.810520648956
0.856,0.856,0.856,680,7,20,14750.841504096985
0.856,0.856,0.856,681,7,20,14770.961784601212
0.856,0.856,0.856,682,7,20,14792.235815048218
0.856,0.856,0.856,683,7,20,14812.517832279205
0.856,0.856,0.856,684,7,20,14834.758795261383
0.856,0.856,0.856,685,7,20,14856.005661964417
0.856,0.856,0.856,686,7,20,14878.103078365326
0.856,0.856,0.856,687,7,20,14898.365293264389
0.856,0.856,0.856,688,7,20,14918.813284873962
0.856,0.856,0.856,689,7,20,14939.758893966675
0.856,0.856,0.856,690,7,20,14960.944588422775
0.856,0.856,0.856,691,7,20,14981.186594247818
0.856,0.856,0.856,692,7,20,14999.958132982254
0.856,0.856,0.856,693,7,20,15021.688305139542
0.856,0.856,0.856,694,7,20,15049.284221410751
0.856,0.856,0.856,695,7,20,15070.34666109085
0.856,0.856,0.856,696,7,20,15092.135755777359
0.856,0.856,0.856,697,7,20,15113.768708705902
0.856,0.856,0.856,698,7,20,15136.706618070602
0.856,0.856,0.856,699,7,20,15159.887936592102
0.856,0.856,0.856,700,7,20,15183.350800991058
0.856,0.856,0.856,701,7,20,15201.59694480896
0.856,0.856,0.856,702,7,20,15222.242368221283
0.856,0.856,0.856,703,7,20,15243.312926530838
0.856,0.856,0.856,704,7,20,15262.89464879036
0.856,0.856,0.856,705,7,20,15283.937742948532
0.856,0.856,0.856,706,7,20,15308.547801017761
0.856,0.856,0.856,707,7,20,15329.065824747086
0.856,0.856,0.856,708,7,20,15351.46844625473
0.856,0.856,0.856,709,7,20,15374.322532892227
0.856,0.856,0.856,710,7,20,15395.205495595932
0.856,0.856,0.856,711,7,20,15417.383217334747
0.856,0.856,0.856,712,7,20,15438.073715925217
0.856,0.856,0.856,713,7,20,15458.679149389267
0.856,0.856,0.856,714,7,20,15478.201114416122
0.856,0.856,0.856,715,7,20,15498.844876527786
0.856,0.856,0.856,716,7,20,15520.170936822891
0.856,0.856,0.856,717,7,20,15541.37469291687
0.856,0.856,0.856,718,7,20,15563.912324428558
0.856,0.856,0.856,719,7,20,15583.037423372269
0.856,0.856,0.856,720,7,20,15603.47857618332
0.856,0.856,0.856,721,7,20,15626.13145828247
0.856,0.856,0.856,722,7,20,15653.534261226654
0.856,0.856,0.856,723,7,20,15675.077558040619
0.856,0.856,0.856,724,7,20,15694.75565958023
0.856,0.856,0.856,725,7,20,15713.562207460403
0.856,0.856,0.856,726,7,20,15736.2772564888
0.856,0.856,0.856,727,7,20,15757.85144662857
0.856,0.856,0.856,728,7,20,15779.868976354599
0.856,0.856,0.856,729,7,20,15801.403795719147
0.856,0.856,0.856,730,7,20,15821.823873519897
0.856,0.856,0.856,731,7,20,15843.00192809105
0.856,0.856,0.856,732,7,20,15862.938560009003
0.856,0.856,0.856,733,7,20,15884.531780004501
0.856,0.856,0.856,734,7,20,15905.967340230942
0.856,0.856,0.856,735,7,20,15927.288117170334
0.856,0.856,0.856,736,7,20,15949.794009685516
0.856,0.856,0.856,737,7,20,15970.927999258041
0.856,0.856,0.856,738,7,20,15993.767710208893
0.856,0.856,0.856,739,7,20,16014.627311706543
0.856,0.856,0.856,740,7,20,16036.461069822311
0.856,0.856,0.856,741,7,20,16057.695614337921
0.856,0.856,0.856,742,7,20,16079.686742067337
0.856,0.856,0.856,743,7,20,16099.660975694656
0.856,0.856,0.856,744,7,20,16119.929640769958
0.856,0.856,0.856,745,7,20,16142.359230041504
0.856,0.856,0.856,746,7,20,16163.74499630928
0.856,0.856,0.856,747,7,20,16187.284990549088
0.856,0.856,0.856,748,7,20,16209.536442756653
0.856,0.856,0.856,749,7,20,16231.29475235939
0.856,0.856,0.856,750,7,20,16256.163015842438
0.856,0.856,0.856,751,7,20,16275.277478933334
0.856,0.856,0.856,752,7,20,16296.40477848053
0.856,0.856,0.856,753,7,20,16318.516849040985
0.856,0.856,0.856,754,7,20,16341.799571990967
0.856,0.856,0.856,755,7,20,16362.694658041
0.856,0.856,0.856,756,7,20,16383.757712125778
0.856,0.856,0.856,757,7,20,16405.402280330658
0.856,0.856,0.856,758,7,20,16428.294563531876
0.856,0.856,0.856,759,7,20,16455.040777683258
0.856,0.856,0.856,760,7,20,16476.578384399414
0.856,0.856,0.856,761,7,20,16496.926035881042
0.856,0.856,0.856,762,7,20,16520.331615447998
0.856,0.856,0.856,763,7,20,16542.437756061554
0.856,0.856,0.856,764,7,20,16563.968797922134
0.856,0.856,0.856,765,7,20,16586.245875120163
0.856,0.856,0.856,766,7,20,16606.623782634735
0.856,0.856,0.856,767,7,20,16628.797406196594
0.856,0.856,0.856,768,7,20,16647.947586774826
0.856,0.856,0.856,769,7,20,16669.504055976868
0.856,0.856,0.856,770,7,20,16691.918106794357
0.856,0.856,0.856,771,7,20,16712.92613554001
0.856,0.856,0.856,772,7,20,16734.301934480667
0.856,0.856,0.856,773,7,20,16755.58025932312
0.856,0.856,0.856,774,7,20,16778.217038869858
0.856,0.856,0.856,775,7,20,16797.68317747116
0.856,0.856,0.856,776,7,20,16818.6949737072
0.856,0.856,0.856,777,7,20,16844.970465183258
0.856,0.856,0.856,778,7,20,16865.811778068542
0.856,0.856,0.856,779,7,20,16887.17933368683
0.856,0.856,0.856,780,7,20,16908.84783744812
0.856,0.856,0.856,781,7,20,16929.852699756622
0.856,0.856,0.856,782,7,20,16950.690458774567
0.856,0.856,0.856,783,7,20,16971.849174261093
0.856,0.856,0.856,784,7,20,16993.362736701965
0.856,0.856,0.856,785,7,20,17014.385093927383
0.856,0.856,0.856,786,7,20,17036.111881256104
0.856,0.856,0.856,787,7,20,17057.964614629745
0.856,0.856,0.856,788,7,20,17078.097108364105
0.856,0.856,0.856,789,7,20,17100.66321158409
0.856,0.856,0.856,790,7,20,17122.472326040268
0.856,0.856,0.856,791,7,20,17145.142754793167
0.856,0.856,0.856,792,7,20,17164.80642557144
0.856,0.856,0.856,793,7,20,17183.902490854263
0.856,0.856,0.856,794,7,20,17205.800429582596
0.856,0.856,0.856,795,7,20,17227.4133541584
0.856,0.856,0.856,796,7,20,17247.617884159088
0.856,0.856,0.856,797,7,20,17271.594471931458
0.856,0.856,0.856,798,7,20,17292.561404705048
0.856,0.856,0.856,799,7,20,17313.76960158348
0.856,0.856,0.856,800,7,20,17335.882868766785
0.856,0.856,0.856,801,7,20,17357.60806965828
0.856,0.856,0.856,802,7,20,17379.730459451675
0.856,0.856,0.856,803,7,20,17400.50430226326
0.856,0.856,0.856,804,7,20,17420.662384986877
0.856,0.856,0.856,805,7,20,17450.871284008026
0.856,0.856,0.856,806,7,20,17471.923656463623
0.856,0.856,0.856,807,7,20,17495.381472826004
0.856,0.856,0.856,808,7,20,17516.779220581055
0.856,0.856,0.856,809,7,20,17540.41473698616
0.856,0.856,0.856,810,7,20,17560.23169541359
0.856,0.856,0.856,811,7,20,17581.09484052658
0.856,0.856,0.856,812,7,20,17600.48775267601
0.856,0.856,0.856,813,7,20,17623.491091012955
0.856,0.856,0.856,814,7,20,17645.43429160118
0.856,0.856,0.856,815,7,20,17665.588155269623
0.856,0.856,0.856,816,7,20,17686.942621469498
0.856,0.856,0.856,817,7,20,17706.857954502106
0.856,0.856,0.856,818,7,20,17725.706367731094
0.856,0.856,0.856,819,7,20,17747.265685796738
0.856,0.856,0.856,820,7,20,17768.534551382065
0.856,0.856,0.856,821,7,20,17791.21019434929
0.856,0.856,0.856,822,7,20,17810.992533922195
0.856,0.856,0.856,823,7,20,17834.775319814682
0.856,0.856,0.856,824,7,20,17854.887796878815
0.856,0.856,0.856,825,7,20,17874.94195151329
0.856,0.856,0.856,826,7,20,17898.81479716301
0.856,0.856,0.856,827,7,20,17922.737210035324
0.856,0.856,0.856,828,7,20,17942.601984739304
0.856,0.856,0.856,829,7,20,17962.164992570877
0.856,0.856,0.856,830,7,20,17984.59171795845
0.856,0.856,0.856,831,7,20,18005.968193769455
0.856,0.856,0.856,832,7,20,18027.460937023163
0.856,0.856,0.856,833,7,20,18054.728729248047
0.856,0.856,0.856,834,7,20,18076.062783956528
0.856,0.856,0.856,835,7,20,18096.19345474243
0.856,0.856,0.856,836,7,20,18118.69630932808
0.856,0.856,0.856,837,7,20,18141.218487024307
0.856,0.856,0.856,838,7,20,18160.9544942379
0.856,0.856,0.856,839,7,20,18181.541273117065
0.856,0.856,0.856,840,7,20,18203.619240283966
0.856,0.856,0.856,841,7,20,18224.767493009567
0.856,0.856,0.856,842,7,20,18247.769916772842
0.856,0.856,0.856,843,7,20,18268.67933869362
0.856,0.856,0.856,844,7,20,18289.837499141693
0.856,0.856,0.856,845,7,20,18310.446412324905
0.856,0.856,0.856,846,7,20,18334.89443707466
0.856,0.856,0.856,847,7,20,18354.56269454956
0.856,0.856,0.856,848,7,20,18376.38583278656
0.856,0.856,0.856,849,7,20,18400.054584741592
0.856,0.856,0.856,850,7,20,18418.78318619728
0.856,0.856,0.856,851,7,20,18438.93178153038
0.856,0.856,0.856,852,7,20,18459.702583789825
0.856,0.856,0.856,853,7,20,18483.716464281082
0.856,0.856,0.856,854,7,20,18505.846073150635
0.856,0.856,0.856,855,7,20,18526.11346101761
0.856,0.856,0.856,856,7,20,18548.339338302612
0.856,0.856,0.856,857,7,20,18567.343039512634
0.856,0.856,0.856,858,7,20,18588.24759912491
0.856,0.856,0.856,859,7,20,18610.29110813141
0.856,0.856,0.856,860,7,20,18631.464352846146
0.856,0.856,0.856,861,7,20,18658.267968654633
0.856,0.856,0.856,862,7,20,18678.116068840027
0.856,0.856,0.856,863,7,20,18699.967798948288
0.856,0.856,0.856,864,7,20,18720.543083429337
0.856,0.856,0.856,865,7,20,18741.672878980637
0.856,0.856,0.856,866,7,20,18762.267839193344
0.856,0.856,0.856,867,7,20,18783.479843616486
0.856,0.856,0.856,868,7,20,18804.64371061325
0.856,0.856,0.856,869,7,20,18826.097755670547
0.856,0.856,0.856,870,7,20,18848.136042118073
0.856,0.856,0.856,871,7,20,18869.919587612152
0.856,0.856,0.856,872,7,20,18891.694458007812
0.856,0.856,0.856,873,7,20,18915.772380828857
0.856,0.856,0.856,874,7,20,18936.926538705826
0.856,0.856,0.856,875,7,20,18956.85008621216
0.856,0.856,0.856,876,7,20,18977.42771577835
0.856,0.856,0.856,877,7,20,18997.172124385834
0.856,0.856,0.856,878,7,20,19016.71061706543
0.856,0.856,0.856,879,7,20,19037.73937344551
0.856,0.856,0.856,880,7,20,19058.65156197548
0.856,0.856,0.856,881,7,20,19080.021931171417
0.856,0.856,0.856,882,7,20,19101.15208029747
0.856,0.856,0.856,883,7,20,19121.764755010605
0.856,0.856,0.856,884,7,20,19142.873342514038
0.856,0.856,0.856,885,7,20,19166.26833963394
0.856,0.856,0.856,886,7,20,19188.29090499878
0.856,0.856,0.856,887,7,20,19211.102322101593
0.856,0.856,0.856,888,7,20,19237.923535108566
0.856,0.856,0.856,889,7,20,19261.311465740204
0.856,0.856,0.856,890,7,20,19283.422588825226
0.856,0.856,0.856,891,7,20,19304.80094051361
0.856,0.856,0.856,892,7,20,19324.965034246445
0.856,0.856,0.856,893,7,20,19345.90597987175
0.856,0.856,0.856,894,7,20,19368.68999481201
0.856,0.856,0.856,895,7,20,19387.934767246246
0.856,0.856,0.856,896,7,20,19408.22949719429
0.856,0.856,0.856,897,7,20,19430.286544799805
0.856,0.856,0.856,898,7,20,19452.591424703598
0.856,0.856,0.856,899,7,20,19474.822205781937
0.856,0.856,0.856,900,7,20,19496.548500299454
0.856,0.856,0.856,901,7,20,19517.86619591713
0.856,0.856,0.856,902,7,20,19540.30886721611
0.856,0.856,0.856,903,7,20,19561.429488182068
0.856,0.856,0.856,904,7,20,19581.81097650528
0.856,0.856,0.856,905,7,20,19605.275641679764
0.856,0.856,0.856,906,7,20,19627.48176717758
0.856,0.856,0.856,907,7,20,19645.28444170952
0.856,0.856,0.856,908,7,20,19666.29064130783
0.856,0.856,0.856,909,7,20,19687.617571353912
0.856,0.856,0.856,910,7,20,19708.66277909279
0.856,0.856,0.856,911,7,20,19731.829608917236
0.856,0.856,0.856,912,7,20,19753.318099975586
0.856,0.856,0.856,913,7,20,19775.0782828331
0.856,0.856,0.856,914,7,20,19795.527874946594
0.856,0.856,0.856,915,7,20,19816.917295455933
0.856,0.856,0.856,916,7,20,19843.32822203636
0.856,0.856,0.856,917,7,20,19864.57226037979
0.856,0.856,0.856,918,7,20,19889.331936836243
0.856,0.856,0.856,919,7,20,19909.747226953506
0.856,0.856,0.856,920,7,20,19932.73543357849
0.856,0.856,0.856,921,7,20,19953.19735121727
0.856,0.856,0.856,922,7,20,19973.619574546814
0.856,0.856,0.856,923,7,20,19994.57453417778
0.856,0.856,0.856,924,7,20,20016.206117391586
0.856,0.856,0.856,925,7,20,20035.94468998909
0.856,0.856,0.856,926,7,20,20063.055496931076
0.856,0.856,0.856,927,7,20,20083.437085866928
0.856,0.856,0.856,928,7,20,20104.177246809006
0.856,0.856,0.856,929,7,20,20124.07022213936
0.856,0.856,0.856,930,7,20,20148.536016225815
0.856,0.856,0.856,931,7,20,20169.85329270363
0.856,0.856,0.856,932,7,20,20191.05739927292
0.856,0.856,0.856,933,7,20,20212.886123418808
0.856,0.856,0.856,934,7,20,20233.78636431694
0.856,0.856,0.856,935,7,20,20254.447642564774
0.856,0.856,0.856,936,7,20,20274.940876722336
0.856,0.856,0.856,937,7,20,20295.919164180756
0.856,0.856,0.856,938,7,20,20316.527497291565
0.856,0.856,0.856,939,7,20,20336.879601240158
0.856,0.856,0.856,940,7,20,20357.906062602997
0.856,0.856,0.856,941,7,20,20380.679812192917
0.856,0.856,0.856,942,7,20,20401.229107141495
0.856,0.856,0.856,943,7,20,20424.206852912903
0.856,0.856,0.856,944,7,20,20450.27418899536
0.856,0.856,0.856,945,7,20,20473.06027364731
0.856,0.856,0.856,946,7,20,20494.88286471367
0.856,0.856,0.856,947,7,20,20516.185616970062
0.856,0.856,0.856,948,7,20,20537.247764587402
0.856,0.856,0.856,949,7,20,20559.1262755394
0.856,0.856,0.856,950,7,20,20582.390085220337
0.856,0.856,0.856,951,7,20,20604.30611038208
0.856,0.856,0.856,952,7,20,20626.165937185287
0.856,0.856,0.856,953,7,20,20648.044443130493
0.856,0.856,0.856,954,7,20,20670.666617393494
0.856,0.856,0.856,955,7,20,20692.297857046127
0.856,0.856,0.856,956,7,20,20714.996128320694
0.856,0.856,0.856,957,7,20,20738.101712465286
0.856,0.856,0.856,958,7,20,20760.404161930084
0.856,0.856,0.856,959,7,20,20781.27334499359
0.856,0.856,0.856,960,7,20,20802.655237674713
0.856,0.856,0.856,961,7,20,20823.706925153732
0.856,0.856,0.856,962,7,20,20844.105117082596
0.856,0.856,0.856,963,7,20,20867.41713833809
0.856,0.856,0.856,964,7,20,20888.630266189575
0.871,0.871,0.871,965,7,20,20908.331558942795
0.871,0.871,0.871,966,7,20,20930.319408416748
0.871,0.871,0.871,967,7,20,20950.378601551056
0.871,0.871,0.871,968,7,20,20970.81287574768
0.871,0.871,0.871,969,7,20,20990.788051366806
0.871,0.871,0.871,970,7,20,21014.48328948021
0.871,0.871,0.871,971,7,20,21036.66792345047
0.871,0.871,0.871,972,7,20,21063.35565137863
0.871,0.871,0.871,973,7,20,21086.909303426743
0.871,0.871,0.871,974,7,20,21107.652358531952
0.871,0.871,0.871,975,7,20,21129.999462366104
0.871,0.871,0.871,976,7,20,21152.054451704025
0.871,0.871,0.871,977,7,20,21172.02531147003
0.871,0.871,0.871,978,7,20,21191.23133111
0.871,0.871,0.871,979,7,20,21211.332100868225
0.871,0.871,0.871,980,7,20,21235.170375823975
0.871,0.871,0.871,981,7,20,21257.906175374985
0.871,0.871,0.871,982,7,20,21279.177927732468
0.871,0.871,0.871,983,7,20,21300.37057161331
0.871,0.871,0.871,984,7,20,21320.226144313812
0.871,0.871,0.871,985,7,20,21341.68072295189
0.871,0.871,0.871,986,7,20,21362.485486507416
0.871,0.871,0.871,987,7,20,21381.466999292374
0.871,0.871,0.871,988,7,20,21401.97447681427
0.871,0.871,0.871,989,7,20,21424.687757968903
0.871,0.871,0.871,990,7,20,21445.27870965004
0.871,0.871,0.871,991,7,20,21467.861122131348
0.871,0.871,0.871,992,7,20,21490.69904065132
0.871,0.871,0.871,993,7,20,21510.960419654846
0.871,0.871,0.871,994,7,20,21532.399455308914
0.871,0.871,0.871,995,7,20,21554.149748802185
0.871,0.871,0.871,996,7,20,21576.06589794159
0.871,0.871,0.871,997,7,20,21598.06329679489
0.871,0.871,0.871,998,7,20,21617.95382833481
0.871,0.871,0.871,999,7,20,21646.212951898575
0.871,0.871,0.871,1000,7,20,21668.245804309845
0.871,0.871,0.871,1001,7,20,21687.928582668304
0.871,0.871,0.871,1002,7,20,21710.597206115723
0.871,0.871,0.871,1003,7,20,21732.007757663727
0.871,0.871,0.871,1004,7,20,21753.553534030914
0.871,0.871,0.871,1005,7,20,21776.04926800728
0.871,0.871,0.871,1006,7,20,21796.201699972153
0.871,0.871,0.871,1007,7,20,21818.820081949234
0.871,0.871,0.871,1008,7,20,21840.81292796135
0.871,0.871,0.871,1009,7,20,21861.929008483887
0.871,0.871,0.871,1010,7,20,21882.826884508133
0.871,0.871,0.871,1011,7,20,21903.455852031708
0.871,0.871,0.871,1012,7,20,21925.353901863098
0.871,0.871,0.871,1013,7,20,21948.674530029297
0.871,0.871,0.871,1014,7,20,21970.548099517822
0.871,0.871,0.871,1015,7,20,21990.397018432617
0.871,0.871,0.871,1016,7,20,22011.297123670578
0.871,0.871,0.871,1017,7,20,22032.75848555565
0.871,0.871,0.871,1018,7,20,22052.361480474472
0.871,0.871,0.871,1019,7,20,22073.622252702713
0.871,0.871,0.871,1020,7,20,22095.90961074829
0.871,0.871,0.871,1021,7,20,22116.301338672638
0.871,0.871,0.871,1022,7,20,22137.271105527878
0.871,0.871,0.871,1023,7,20,22159.771307468414
0.871,0.871,0.871,1024,7,20,22181.502142190933
0.871,0.871,0.871,1025,7,20,22204.339422941208
0.871,0.871,0.871,1026,7,20,22224.800217151642
0.871,0.871,0.871,1027,7,20,22252.17780661583
0.871,0.871,0.871,1028,7,20,22273.16837835312
0.871,0.871,0.871,1029,7,20,22294.251940488815
0.871,0.871,0.871,1030,7,20,22315.079698562622
0.871,0.871,0.871,1031,7,20,22338.276480913162
0.871,0.871,0.871,1032,7,20,22356.671226024628
0.871,0.871,0.871,1033,7,20,22377.173266649246
0.871,0.871,0.871,1034,7,20,22406.75470304489
0.871,0.871,0.871,1035,7,20,22427.959800481796
0.871,0.871,0.871,1036,7,20,22449.320090532303
0.871,0.871,0.871,1037,7,20,22469.64051270485
0.871,0.871,0.871,1038,7,20,22490.263447999954
0.871,0.871,0.871,1039,7,20,22515.604023456573
0.871,0.871,0.871,1040,7,20,22536.834600925446
0.871,0.871,0.871,1041,7,20,22556.0273373127
0.871,0.871,0.871,1042,7,20,22577.049716234207
0.871,0.871,0.871,1043,7,20,22597.956604242325
0.871,0.871,0.871,1044,7,20,22619.11110496521
0.871,0.871,0.871,1045,7,20,22639.790011882782
0.871,0.871,0.871,1046,7,20,22659.657859802246
0.871,0.871,0.871,1047,7,20,22678.837207317352
0.871,0.871,0.871,1048,7,20,22701.252938985825
0.871,0.871,0.871,1049,7,20,22720.0508248806
0.871,0.871,0.871,1050,7,20,22741.540739536285
0.871,0.871,0.871,1051,7,20,22765.033856868744
0.871,0.871,0.871,1052,7,20,22787.52073073387
0.871,0.871,0.871,1053,7,20,22807.5712954998
0.871,0.871,0.871,1054,7,20,22827.744295358658
0.871,0.871,0.871,1055,7,20,22853.952484369278
0.871,0.871,0.871,1056,7,20,22875.55602669716
0.871,0.871,0.871,1057,7,20,22896.478779792786
0.871,0.871,0.871,1058,7,20,22917.004438638687
0.871,0.871,0.871,1059,7,20,22939.63857460022
0.871,0.871,0.871,1060,7,20,22960.813823223114
0.871,0.871,0.871,1061,7,20,22981.892386436462
0.871,0.871,0.871,1062,7,20,23003.722922563553
0.871,0.871,0.871,1063,7,20,23023.615070343018
0.871,0.871,0.871,1064,7,20,23044.820474624634
0.871,0.871,0.871,1065,7,20,23066.38213467598
0.871,0.871,0.871,1066,7,20,23086.64727115631
0.871,0.871,0.871,1067,7,20,23106.39014339447
0.871,0.871,0.871,1068,7,20,23128.36866044998
0.871,0.871,0.871,1069,7,20,23149.0098464489
0.871,0.871,0.871,1070,7,20,23167.22208213806
0.871,0.871,0.871,1071,7,20,23188.185863494873
0.871,0.871,0.871,1072,7,20,23208.759716510773
0.871,0.871,0.871,1073,7,20,23230.796349287033
0.871,0.871,0.871,1074,7,20,23252.032166957855
0.871,0.871,0.871,1075,7,20,23274.070546150208
0.871,0.871,0.871,1076,7,20,23296.512724876404
0.871,0.871,0.871,1077,7,20,23316.545429706573
0.871,0.871,0.871,1078,7,20,23337.22459578514
0.871,0.871,0.871,1079,7,20,23358.026255369186
0.871,0.871,0.871,1080,7,20,23379.874638319016
0.871,0.871,0.871,1081,7,20,23403.123675346375
0.871,0.871,0.871,1082,7,20,23424.60071158409
0.871,0.871,0.871,1083,7,20,23449.747466802597
0.871,0.871,0.871,1084,7,20,23470.168135643005
0.871,0.871,0.871,1085,7,20,23491.766295433044
0.871,0.871,0.871,1086,7,20,23510.66764807701
0.871,0.871,0.871,1087,7,20,23533.09482574463
0.871,0.871,0.871,1088,7,20,23554.04714202881
0.871,0.871,0.871,1089,7,20,23578.45298266411
0.871,0.871,0.871,1090,7,20,23599.43128347397
0.871,0.871,0.871,1091,7,20,23621.299763202667
0.871,0.871,0.871,1092,7,20,23641.121512413025
0.871,0.871,0.871,1093,7,20,23669.406277656555
0.871,0.871,0.871,1094,7,20,23692.519280910492
0.871,0.871,0.871,1095,7,20,23713.631731510162
0.871,0.871,0.871,1096,7,20,23733.916321754456
0.871,0.871,0.871,1097,7,20,23759.732480049133
0.871,0.871,0.871,1098,7,20,23780.691529273987
0.871,0.871,0.871,1099,7,20,23801.685181856155
0.871,0.871,0.871,1100,7,20,23822.73783326149
0.871,0.871,0.871,1101,7,20,23844.173205137253
0.871,0.871,0.871,1102,7,20,23864.918330430984
0.871,0.871,0.871,1103,7,20,23886.94548010826
0.871,0.871,0.871,1104,7,20,23909.5478849411
0.871,0.871,0.871,1105,7,20,23929.26346898079
0.871,0.871,0.871,1106,7,20,23948.98032927513
0.871,0.871,0.871,1107,7,20,23969.57489991188
0.871,0.871,0.871,1108,7,20,23991.264619588852
0.871,0.871,0.871,1109,7,20,24012.75293779373
0.871,0.871,0.871,1110,7,20,24040.628888845444
0.871,0.871,0.871,1111,7,20,24062.091220140457
0.871,0.871,0.871,1112,7,20,24083.031865358353
0.871,0.871,0.871,1113,7,20,24102.813189983368
0.871,0.871,0.871,1114,7,20,24123.279734373093
0.871,0.871,0.871,1115,7,20,24145.949122190475
0.871,0.871,0.871,1116,7,20,24166.341138124466
0.871,0.871,0.871,1117,7,20,24187.17397594452
0.871,0.871,0.871,1118,7,20,24209.16214776039
0.871,0.871,0.871,1119,7,20,24229.531880140305
0.871,0.871,0.871,1120,7,20,24251.053438663483
0.871,0.871,0.871,1121,7,20,24271.866232395172
0.871,0.871,0.871,1122,7,20,24294.259201288223
0.871,0.871,0.871,1123,7,20,24316.561095952988
0.871,0.871,0.871,1124,7,20,24336.80921292305
0.871,0.871,0.871,1125,7,20,24358.201483488083
0.871,0.871,0.871,1126,7,20,24377.81733775139
0.871,0.871,0.871,1127,7,20,24396.76647210121
0.871,0.871,0.871,1128,7,20,24417.142959833145
0.871,0.871,0.871,1129,7,20,24437.16271328926
0.871,0.871,0.871,1130,7,20,24455.98588848114
0.871,0.871,0.871,1131,7,20,24477.875215291977
0.871,0.871,0.871,1132,7,20,24499.791815519333
0.871,0.871,0.871,1133,7,20,24520.557645320892
0.871,0.871,0.871,1134,7,20,24540.614934682846
0.871,0.871,0.871,1135,7,20,24560.302040815353
0.871,0.871,0.871,1136,7,20,24583.107138633728
0.871,0.871,0.871,1137,7,20,24604.296656370163
0.871,0.871,0.871,1138,7,20,24624.821756362915
0.871,0.871,0.871,1139,7,20,24650.382989406586
0.871,0.871,0.871,1140,7,20,24672.889365196228
0.871,0.871,0.871,1141,7,20,24695.264135837555
0.871,0.871,0.871,1142,7,20,24714.38677597046
0.871,0.871,0.871,1143,7,20,24736.538115024567
0.871,0.871,0.871,1144,7,20,24757.75647163391
0.871,0.871,0.871,1145,7,20,24779.282057762146
0.871,0.871,0.871,1146,7,20,24802.107486248016
0.871,0.871,0.871,1147,7,20,24824.24238061905
0.871,0.871,0.871,1148,7,20,24845.247933149338
0.871,0.871,0.871,1149,7,20,24864.700641155243
0.871,0.871,0.871,1150,7,20,24886.117315530777
0.871,0.871,0.871,1151,7,20,24908.777202129364
0.871,0.871,0.871,1152,7,20,24929.277017354965
0.871,0.871,0.871,1153,7,20,24951.10027217865
0.871,0.871,0.871,1154,7,20,24973.953419446945
0.871,0.871,0.871,1155,7,20,24994.923750162125
0.871,0.871,0.871,1156,7,20,25017.986931800842
0.871,0.871,0.871,1157,7,20,25037.96624803543
0.871,0.871,0.871,1158,7,20,25057.81616282463
0.871,0.871,0.871,1159,7,20,25080.392627716064
0.871,0.871,0.871,1160,7,20,25102.472897052765
0.871,0.871,0.871,1161,7,20,25124.408033132553
0.871,0.871,0.871,1162,7,20,25146.176065444946
0.871,0.871,0.871,1163,7,20,25167.748420715332
0.871,0.871,0.871,1164,7,20,25191.314454317093
0.871,0.871,0.871,1165,7,20,25211.52895450592
0.871,0.871,0.871,1166,7,20,25232.163697481155
0.871,0.871,0.871,1167,7,20,25257.140959262848
0.871,0.871,0.871,1168,7,20,25278.28439474106
0.871,0.871,0.871,1169,7,20,25299.2761657238
0.871,0.871,0.871,1170,7,20,25319.400584936142
0.871,0.871,0.871,1171,7,20,25343.09914135933
0.871,0.871,0.871,1172,7,20,25364.242470502853
0.871,0.871,0.871,1173,7,20,25383.191688776016
0.871,0.871,0.871,1174,7,20,25404.784937381744
0.871,0.871,0.871,1175,7,20,25426.714197397232
0.871,0.871,0.871,1176,7,20,25447.136591672897
0.871,0.871,0.871,1177,7,20,25466.625294685364
0.871,0.871,0.871,1178,7,20,25487.054453611374
0.871,0.871,0.871,1179,7,20,25508.894088745117
0.871,0.871,0.871,1180,7,20,25527.354938030243
0.871,0.871,0.871,1181,7,20,25546.191955804825
0.871,0.871,0.871,1182,7,20,25569.457736968994
0.871,0.871,0.871,1183,7,20,25592.114364862442
0.871,0.871,0.871,1184,7,20,25615.98570919037
0.871,0.871,0.871,1185,7,20,25639.016760587692
0.871,0.871,0.871,1186,7,20,25661.471002817154
0.871,0.871,0.871,1187,7,20,25682.264866113663
0.871,0.871,0.871,1188,7,20,25703.214673757553
0.871,0.871,0.871,1189,7,20,25725.937672376633
0.871,0.871,0.871,1190,7,20,25744.099517583847
0.871,0.871,0.871,1191,7,20,25766.324748516083
0.871,0.871,0.871,1192,7,20,25787.7409491539
0.871,0.871,0.871,1193,7,20,25808.155142068863
0.871,0.871,0.871,1194,7,20,25829.44627547264
0.871,0.871,0.871,1195,7,20,25854.87459230423
0.871,0.871,0.871,1196,7,20,25876.24671292305
0.871,0.871,0.871,1197,7,20,25895.50380706787
0.871,0.871,0.871,1198,7,20,25916.8808965683
0.871,0.871,0.871,1199,7,20,25939.865160942078
0.871,0.871,0.871,1200,7,20,25961.20325732231
0.871,0.871,0.871,1201,7,20,25981.497480869293
0.871,0.871,0.871,1202,7,20,26000.99463534355
0.871,0.871,0.871,1203,7,20,26021.07660651207
0.871,0.871,0.871,1204,7,20,26041.931143045425
0.871,0.871,0.871,1205,7,20,26062.16246700287
0.871,0.871,0.871,1206,7,20,26082.518832445145
0.871,0.871,0.871,1207,7,20,26105.463113069534
0.871,0.871,0.871,1208,7,20,26126.96476483345
0.871,0.871,0.871,1209,7,20,26147.972904920578
0.871,0.871,0.871,1210,7,20,26169.470737218857
0.871,0.871,0.871,1211,7,20,26191.29844903946
0.871,0.871,0.871,1212,7,20,26214.896647691727
0.871,0.871,0.871,1213,7,20,26236.352414608
0.871,0.871,0.871,1214,7,20,26256.310262918472
0.871,0.871,0.871,1215,7,20,26278.007590293884
0.871,0.871,0.871,1216,7,20,26300.1808385849
0.871,0.871,0.871,1217,7,20,26321.931632995605
0.871,0.871,0.871,1218,7,20,26341.50994515419
0.871,0.871,0.871,1219,7,20,26363.23735141754
0.871,0.871,0.871,1220,7,20,26383.750909805298
0.871,0.871,0.871,1221,7,20,26404.438866615295
0.871,0.871,0.871,1222,7,20,26427.583428144455
0.871,0.871,0.871,1223,7,20,26455.148742198944
0.871,0.871,0.871,1224,7,20,26476.140114068985
0.871,0.871,0.871,1225,7,20,26496.339956760406
0.871,0.871,0.871,1226,7,20,26516.264364004135
0.871,0.871,0.871,1227,7,20,26537.360823631287
0.871,0.871,0.871,1228,7,20,26557.6849732399
0.871,0.871,0.871,1229,7,20,26576.521619081497
0.871,0.871,0.871,1230,7,20,26597.7387676239
0.871,0.871,0.871,1231,7,20,26619.65120124817
0.871,0.871,0.871,1232,7,20,26642.492913246155
0.871,0.871,0.871,1233,7,20,26663.93235564232
0.871,0.871,0.871,1234,7,20,26686.44128727913
0.871,0.871,0.871,1235,7,20,26705.42945432663
0.871,0.871,0.871,1236,7,20,26728.595329761505
0.871,0.871,0.871,1237,7,20,26749.391072273254
0.871,0.871,0.871,1238,7,20,26770.944992780685
0.871,0.871,0.871,1239,7,20,26791.97702240944
0.871,0.871,0.871,1240,7,20,26811.787890195847
0.871,0.871,0.871,1241,7,20,26833.86382460594
0.871,0.871,0.871,1242,7,20,26855.662933826447
0.871,0.871,0.871,1243,7,20,26877.29913878441
0.871,0.871,0.871,1244,7,20,26899.29010128975
0.871,0.871,0.871,1245,7,20,26919.870200157166
0.871,0.871,0.871,1246,7,20,26942.616653203964
0.871,0.871,0.871,1247,7,20,26965.04895210266
0.871,0.871,0.871,1248,7,20,26985.811669826508
0.871,0.871,0.871,1249,7,20,27007.593955993652
0.871,0.871,0.871,1250,7,20,27028.267803430557
0.871,0.871,0.871,1251,7,20,27053.85132074356
0.871,0.871,0.871,1252,7,20,27072.242032289505
0.871,0.871,0.871,1253,7,20,27095.277097702026
0.871,0.871,0.871,1254,7,20,27116.085334777832
0.871,0.871,0.871,1255,7,20,27137.417105674744
0.871,0.871,0.871,1256,7,20,27158.55002760887
0.871,0.871,0.871,1257,7,20,27181.47948718071
0.871,0.871,0.871,1258,7,20,27203.494916200638
0.871,0.871,0.871,1259,7,20,27226.185213327408
0.871,0.871,0.871,1260,7,20,27249.295528650284
0.871,0.871,0.871,1261,7,20,27273.911590576172
0.871,0.871,0.871,1262,7,20,27296.04067516327
0.871,0.871,0.871,1263,7,20,27317.959859371185
0.871,0.871,0.871,1264,7,20,27339.191004753113
0.871,0.871,0.871,1265,7,20,27359.784762859344
0.871,0.871,0.871,1266,7,20,27383.176327466965
0.871,0.871,0.871,1267,7,20,27404.16656589508
0.871,0.871,0.871,1268,7,20,27423.800652503967
0.871,0.871,0.871,1269,7,20,27445.220450878143
0.871,0.871,0.871,1270,7,20,27466.209579229355
0.871,0.871,0.871,1271,7,20,27486.742755174637
0.871,0.871,0.871,1272,7,20,27509.79680967331
0.871,0.871,0.871,1273,7,20,27531.635749340057
0.871,0.871,0.871,1274,7,20,27553.913702487946
0.871,0.871,0.871,1275,7,20,27574.71932864189
0.871,0.871,0.871,1276,7,20,27594.969779491425
0.871,0.871,0.871,1277,7,20,27615.896843910217
0.871,0.871,0.871,1278,7,20,27642.792390346527
0.871,0.871,0.871,1279,7,20,27663.141854524612
0.871,0.871,0.871,1280,7,20,27682.42666697502
0.871,0.871,0.871,1281,7,20,27704.236226797104
0.871,0.871,0.871,1282,7,20,27725.47217607498
0.871,0.871,0.871,1283,7,20,27747.214750766754
0.871,0.871,0.871,1284,7,20,27770.001195669174
0.871,0.871,0.871,1285,7,20,27791.516047239304
0.871,0.871,0.871,1286,7,20,27813.2075548172
0.871,0.871,0.871,1287,7,20,27835.37171149254
0.871,0.871,0.871,1288,7,20,27857.7134642601
0.871,0.871,0.871,1289,7,20,27878.119826316833
0.871,0.871,0.871,1290,7,20,27900.130603313446
0.871,0.871,0.871,1291,7,20,27921.371763706207
0.871,0.871,0.871,1292,7,20,27943.403086423874
0.871,0.871,0.871,1293,7,20,27964.529118061066
0.871,0.871,0.871,1294,7,20,27984.60257744789
0.871,0.871,0.871,1295,7,20,28006.747089385986
0.871,0.871,0.871,1296,7,20,28029.292868852615
0.871,0.871,0.871,1297,7,20,28048.491884231567
0.871,0.871,0.871,1298,7,20,28070.83108973503
0.871,0.871,0.871,1299,7,20,28092.51610803604
0.871,0.871,0.871,1300,7,20,28112.314342737198
0.871,0.871,0.871,1301,7,20,28131.813893079758
0.871,0.871,0.871,1302,7,20,28153.684458255768
0.871,0.871,0.871,1303,7,20,28174.522500753403
0.871,0.871,0.871,1304,7,20,28195.087111711502
0.871,0.871,0.871,1305,7,20,28215.232343435287
0.871,0.871,0.871,1306,7,20,28242.162110567093
0.871,0.871,0.871,1307,7,20,28261.89671754837
0.871,0.871,0.871,1308,7,20,28283.26343035698
0.871,0.871,0.871,1309,7,20,28303.675839424133
0.871,0.871,0.871,1310,7,20,28326.729595422745
0.871,0.871,0.871,1311,7,20,28347.44371676445
0.871,0.871,0.871,1312,7,20,28368.82034945488
0.871,0.871,0.871,1313,7,20,28390.252571821213
0.871,0.871,0.871,1314,7,20,28412.985107421875
0.871,0.871,0.871,1315,7,20,28434.62984585762
0.871,0.871,0.871,1316,7,20,28454.85883164406
0.871,0.871,0.871,1317,7,20,28474.42858982086
0.871,0.871,0.871,1318,7,20,28492.74130988121
0.871,0.871,0.871,1319,7,20,28513.745247125626
0.871,0.871,0.871,1320,7,20,28536.639299869537
0.871,0.871,0.871,1321,7,20,28557.949501991272
0.871,0.871,0.871,1322,7,20,28579.339073181152
0.871,0.871,0.871,1323,7,20,28599.31930065155
0.871,0.871,0.871,1324,7,20,28619.500744581223
0.871,0.871,0.871,1325,7,20,28642.73396587372
0.871,0.871,0.871,1326,7,20,28664.707443237305
0.871,0.871,0.871,1327,7,20,28684.744134902954
0.871,0.871,0.871,1328,7,20,28705.731047153473
0.871,0.871,0.871,1329,7,20,28726.88398861885
0.871,0.871,0.871,1330,7,20,28748.14418196678
0.871,0.871,0.871,1331,7,20,28770.067583560944
0.871,0.871,0.871,1332,7,20,28791.969651699066
0.871,0.871,0.871,1333,7,20,28812.215458393097
0.871,0.871,0.871,1334,7,20,28838.70688509941
0.871,0.871,0.871,1335,7,20,28860.81747984886
0.871,0.871,0.871,1336,7,20,28883.131684064865
0.871,0.871,0.871,1337,7,20,28904.166073560715
0.871,0.871,0.871,1338,7,20,28924.095566034317
0.871,0.871,0.871,1339,7,20,28944.717317819595
0.871,0.871,0.871,1340,7,20,28966.26627421379
0.871,0.871,0.871,1341,7,20,28988.793309926987
0.871,0.871,0.871,1342,7,20,29011.646862268448
0.871,0.871,0.871,1343,7,20,29032.49590229988
0.871,0.871,0.871,1344,7,20,29053.254676818848
0.871,0.871,0.871,1345,7,20,29076.68857741356
0.871,0.871,0.871,1346,7,20,29098.685334205627
0.871,0.871,0.871,1347,7,20,29118.934644937515
0.871,0.871,0.871,1348,7,20,29142.292734384537
0.871,0.871,0.871,1349,7,20,29162.32080721855
0.871,0.871,0.871,1350,7,20,29181.336653470993
0.871,0.871,0.871,1351,7,20,29204.292459011078
0.871,0.871,0.871,1352,7,20,29225.463187217712
0.871,0.871,0.871,1353,7,20,29246.358845472336
0.871,0.871,0.871,1354,7,20,29265.111097335815
0.871,0.871,0.871,1355,7,20,29284.662924289703
0.871,0.871,0.871,1356,7,20,29307.457743406296
0.871,0.871,0.871,1357,7,20,29329.085064172745
0.871,0.871,0.871,1358,7,20,29349.241747379303
0.871,0.871,0.871,1359,7,20,29371.16451907158
0.871,0.871,0.871,1360,7,20,29392.263956785202
0.871,0.871,0.871,1361,7,20,29413.368661165237
0.871,0.871,0.871,1362,7,20,29438.52694416046
0.871,0.871,0.871,1363,7,20,29460.291779518127
0.871,0.871,0.871,1364,7,20,29481.213859319687
0.871,0.871,0.871,1365,7,20,29502.72791004181
0.871,0.871,0.871,1366,7,20,29522.94188642502
0.871,0.871,0.871,1367,7,20,29544.6991686821
0.871,0.871,0.871,1368,7,20,29565.903820753098
0.871,0.871,0.871,1369,7,20,29586.514912366867
0.871,0.871,0.871,1370,7,20,29609.26417160034
0.871,0.871,0.871,1371,7,20,29629.17507839203
0.871,0.871,0.871,1372,7,20,29649.488803863525
0.871,0.871,0.871,1373,7,20,29670.81423020363
0.871,0.871,0.871,1374,7,20,29692.46920967102
0.871,0.871,0.871,1375,7,20,29717.23776936531
0.871,0.871,0.871,1376,7,20,29738.234196662903
0.871,0.871,0.871,1377,7,20,29759.50329184532
0.871,0.871,0.871,1378,7,20,29779.25262570381
0.871,0.871,0.871,1379,7,20,29801.005052804947
0.871,0.871,0.871,1380,7,20,29821.52899503708
0.871,0.871,0.871,1381,7,20,29842.866703748703
0.871,0.871,0.871,1382,7,20,29863.456475496292
0.871,0.871,0.871,1383,7,20,29884.300130605698
0.871,0.871,0.871,1384,7,20,29907.184187173843
0.871,0.871,0.871,1385,7,20,29929.19360256195
0.871,0.871,0.871,1386,7,20,29951.890379428864
0.871,0.871,0.871,1387,7,20,29974.012866973877
0.871,0.871,0.871,1388,7,20,29996.802438735962
0.871,0.871,0.871,1389,7,20,30018.4201233387
0.871,0.871,0.871,1390,7,20,30044.483454942703
0.871,0.871,0.871,1391,7,20,30065.60795021057
0.871,0.871,0.871,1392,7,20,30087.80824160576
0.871,0.871,0.871,1393,7,20,30109.243065595627
0.871,0.871,0.871,1394,7,20,30128.92569541931
0.871,0.871,0.871,1395,7,20,30149.91157221794
0.871,0.871,0.871,1396,7,20,30170.93206357956
0.871,0.871,0.871,1397,7,20,30193.866707086563
0.871,0.871,0.871,1398,7,20,30215.060580015182
0.871,0.871,0.871,1399,7,20,30236.482173919678
0.871,0.871,0.871,1400,7,20,30257.453450202942
0.871,0.871,0.871,1401,7,20,30276.73833012581
0.871,0.871,0.871,1402,7,20,30296.862457036972
0.871,0.871,0.871,1403,7,20,30318.47233605385
0.871,0.871,0.871,1404,7,20,30341.38769173622
0.871,0.871,0.871,1405,7,20,30362.67479991913
0.871,0.871,0.871,1406,7,20,30384.771879673004
0.871,0.871,0.871,1407,7,20,30406.16697883606
0.871,0.871,0.871,1408,7,20,30430.519909620285
0.871,0.871,0.871,1409,7,20,30449.89814710617
0.871,0.871,0.871,1410,7,20,30471.030935525894
0.871,0.871,0.871,1411,7,20,30491.591737031937
0.871,0.871,0.871,1412,7,20,30513.26305913925
0.871,0.871,0.871,1413,7,20,30534.69168305397
0.871,0.871,0.871,1414,7,20,30556.27419114113
0.871,0.871,0.871,1415,7,20,30577.975950956345
0.871,0.871,0.871,1416,7,20,30599.45336675644
0.871,0.871,0.871,1417,7,20,30621.72973561287
0.871,0.871,0.871,1418,7,20,30649.774762392044
0.871,0.871,0.871,1419,7,20,30669.18562912941
0.871,0.871,0.871,1420,7,20,30689.60004043579
0.871,0.871,0.871,1421,7,20,30711.179761648178
0.871,0.871,0.871,1422,7,20,30734.488174438477
0.871,0.871,0.871,1423,7,20,30754.56441617012
0.871,0.871,0.871,1424,7,20,30773.766755580902
0.871,0.871,0.871,1425,7,20,30795.383019447327
0.871,0.871,0.871,1426,7,20,30817.37639427185
0.871,0.871,0.871,1427,7,20,30839.368962049484
0.871,0.871,0.871,1428,7,20,30864.4389667511
0.871,0.871,0.871,1429,7,20,30884.460275650024
0.871,0.871,0.871,1430,7,20,30906.121016025543
0.871,0.871,0.871,1431,7,20,30926.301061868668
0.871,0.871,0.871,1432,7,20,30949.259991645813
0.871,0.871,0.871,1433,7,20,30971.175826072693
0.871,0.871,0.871,1434,7,20,30991.600004196167
0.871,0.871,0.871,1435,7,20,31014.987624168396
0.871,0.871,0.871,1436,7,20,31037.096902132034
0.871,0.871,0.871,1437,7,20,31058.65478515625
0.871,0.871,0.871,1438,7,20,31078.943612337112
0.871,0.871,0.871,1439,7,20,31099.892508268356
0.871,0.871,0.871,1440,7,20,31121.78915452957
0.871,0.871,0.871,1441,7,20,31142.91396856308
0.871,0.871,0.871,1442,7,20,31163.79178762436
0.871,0.871,0.871,1443,7,20,31184.842972040176
0.871,0.871,0.871,1444,7,20,31203.66883277893
0.871,0.871,0.871,1445,7,20,31225.314342021942
0.871,0.871,0.871,1446,7,20,31250.294237852097
0.871,0.871,0.871,1447,7,20,31271.49218559265
0.871,0.871,0.871,1448,7,20,31293.43983387947
0.871,0.871,0.871,1449,7,20,31314.566009283066
0.871,0.871,0.871,1450,7,20,31335.185789108276
0.871,0.871,0.871,1451,7,20,31356.107444286346
0.871,0.871,0.871,1452,7,20,31376.202565431595
0.871,0.871,0.871,1453,7,20,31399.050212860107
0.871,0.871,0.871,1454,7,20,31420.77049779892
0.871,0.871,0.871,1455,7,20,31441.593091726303
0.871,0.871,0.871,1456,7,20,31460.83037185669
0.871,0.871,0.871,1457,7,20,31482.584943294525
0.871,0.871,0.871,1458,7,20,31505.024003505707
0.871,0.871,0.871,1459,7,20,31523.7607088089
0.871,0.871,0.871,1460,7,20,31546.307564258575
0.871,0.871,0.871,1461,7,20,31569.267618894577
0.871,0.871,0.871,1462,7,20,31589.062369823456
0.871,0.871,0.871,1463,7,20,31609.801300525665
0.871,0.871,0.871,1464,7,20,31632.46448135376
0.871,0.871,0.871,1465,7,20,31654.343773126602
0.871,0.871,0.871,1466,7,20,31675.392092466354
0.871,0.871,0.871,1467,7,20,31696.760274410248
0.871,0.871,0.871,1468,7,20,31719.33319735527
0.871,0.871,0.871,1469,7,20,31741.92342567444
0.871,0.871,0.871,1470,7,20,31762.099744319916
0.871,0.871,0.871,1471,7,20,31783.64059305191
0.871,0.871,0.871,1472,7,20,31804.910324573517
0.871,0.871,0.871,1473,7,20,31826.924819469452
0.871,0.871,0.871,1474,7,20,31855.54900240898
0.871,0.871,0.871,1475,7,20,31877.269852638245
0.871,0.871,0.871,1476,7,20,31897.048059940338
0.871,0.871,0.871,1477,7,20,31918.209727287292
0.871,0.871,0.871,1478,7,20,31938.249291181564
0.871,0.871,0.871,1479,7,20,31958.86235022545
0.871,0.871,0.871,1480,7,20,31979.487418413162
0.871,0.871,0.871,1481,7,20,32000.124729394913
0.871,0.871,0.871,1482,7,20,32023.275853157043
0.871,0.871,0.871,1483,7,20,32044.90567755699
0.871,0.871,0.871,1484,7,20,32066.3420214653
0.871,0.871,0.871,1485,7,20,32087.309747695923
0.871,0.871,0.871,1486,7,20,32108.23979496956
0.871,0.871,0.871,1487,7,20,32127.787205457687
0.871,0.871,0.871,1488,7,20,32149.861456155777
0.871,0.871,0.871,1489,7,20,32170.215038776398
0.871,0.871,0.871,1490,7,20,32191.952548742294
0.871,0.871,0.871,1491,7,20,32212.937014102936
0.871,0.871,0.871,1492,7,20,32233.24340581894
0.871,0.871,0.871,1493,7,20,32255.99776816368
0.871,0.871,0.871,1494,7,20,32277.569225788116
0.871,0.871,0.871,1495,7,20,32297.993089675903
0.871,0.871,0.871,1496,7,20,32321.499310016632
0.871,0.871,0.871,1497,7,20,32341.780866384506
0.871,0.871,0.871,1498,7,20,32362.00840115547
0.871,0.871,0.871,1499,7,20,32382.572881937027
0.871,0.871,0.871,1500,7,20,32401.846196889877
0.871,0.871,0.871,1501,7,20,32421.763646125793
0.871,0.871,0.871,1502,7,20,32450.04490184784
0.871,0.871,0.871,1503,7,20,32473.418036460876
0.871,0.871,0.871,1504,7,20,32494.96720647812
0.871,0.871,0.871,1505,7,20,32514.537316799164
0.871,0.871,0.871,1506,7,20,32536.030817508698
0.871,0.871,0.871,1507,7,20,32556.684964179993
0.871,0.871,0.871,1508,7,20,32575.862466812134
0.871,0.871,0.871,1509,7,20,32596.706707715988
0.871,0.871,0.871,1510,7,20,32617.56422162056
0.871,0.871,0.871,1511,7,20,32640.159122228622
0.871,0.871,0.871,1512,7,20,32662.04084801674
0.871,0.871,0.871,1513,7,20,32682.620795488358
0.871,0.871,0.871,1514,7,20,32706.112790107727
0.871,0.871,0.871,1515,7,20,32727.94656610489
0.871,0.871,0.871,1516,7,20,32747.71267437935
0.871,0.871,0.871,1517,7,20,32768.20317864418
0.871,0.871,0.871,1518,7,20,32789.64629459381
0.871,0.871,0.871,1519,7,20,32811.01879620552
0.871,0.871,0.871,1520,7,20,32835.481538295746
0.871,0.871,0.871,1521,7,20,32857.41925406456
0.871,0.871,0.871,1522,7,20,32878.49793791771
0.871,0.871,0.871,1523,7,20,32900.00887942314
0.871,0.871,0.871,1524,7,20,32920.808399915695
0.871,0.871,0.871,1525,7,20,32940.98544502258
0.871,0.871,0.871,1526,7,20,32960.1056163311
0.871,0.871,0.871,1527,7,20,32981.209070920944
0.871,0.871,0.871,1528,7,20,33003.34233403206
0.871,0.871,0.871,1529,7,20,33024.60034894943
0.871,0.871,0.871,1530,7,20,33048.482909440994
0.871,0.871,0.871,1531,7,20,33069.22041749954
0.871,0.871,0.871,1532,7,20,33090.6867518425
0.871,0.871,0.871,1533,7,20,33109.91464471817
0.871,0.871,0.871,1534,7,20,33132.6112370491
0.871,0.871,0.871,1535,7,20,33153.79403591156
0.871,0.871,0.871,1536,7,20,33174.039331674576
0.871,0.871,0.871,1537,7,20,33195.15893602371
0.871,0.871,0.871,1538,7,20,33215.02459001541
0.871,0.871,0.871,1539,7,20,33237.186379909515
0.871,0.871,0.871,1540,7,20,33259.000913858414
0.871,0.871,0.871,1541,7,20,33280.39870285988
0.871,0.871,0.871,1542,7,20,33301.24649262428
0.871,0.871,0.871,1543,7,20,33325.38805890083
0.871,0.871,0.871,1544,7,20,33346.53567099571
0.871,0.871,0.871,1545,7,20,33365.75002026558
0.871,0.871,0.871,1546,7,20,33386.84328484535
0.871,0.871,0.871,1547,7,20,33409.15458846092
0.871,0.871,0.871,1548,7,20,33432.15607905388
0.871,0.871,0.871,1549,7,20,33455.287903785706
0.871,0.871,0.871,1550,7,20,33476.833022117615
0.871,0.871,0.871,1551,7,20,33499.38453292847
0.871,0.871,0.871,1552,7,20,33521.24514746666
0.871,0.871,0.871,1553,7,20,33543.10860180855
0.871,0.871,0.871,1554,7,20,33563.21532154083
0.871,0.871,0.871,1555,7,20,33585.149797677994
0.871,0.871,0.871,1556,7,20,33605.686305999756
0.871,0.871,0.871,1557,7,20,33626.303921699524
0.871,0.871,0.871,1558,7,20,33652.8519551754
0.871,0.871,0.871,1559,7,20,33675.1452896595
0.871,0.871,0.871,1560,7,20,33695.72735905647
0.871,0.871,0.871,1561,7,20,33717.503925323486
0.871,0.871,0.871,1562,7,20,33741.75612449646
0.871,0.871,0.871,1563,7,20,33763.431495666504
0.871,0.871,0.871,1564,7,20,33784.372829675674
0.871,0.871,0.871,1565,7,20,33807.83526158333
0.871,0.871,0.871,1566,7,20,33828.53338742256
0.871,0.871,0.871,1567,7,20,33847.52144885063
0.871,0.871,0.871,1568,7,20,33868.360892772675
0.871,0.871,0.871,1569,7,20,33887.91710591316
0.871,0.871,0.871,1570,7,20,33909.260712862015
0.871,0.871,0.871,1571,7,20,33931.50086379051
0.871,0.871,0.871,1572,7,20,33953.93520474434
0.871,0.871,0.871,1573,7,20,33974.09088397026
0.871,0.871,0.871,1574,7,20,33994.734570503235
0.871,0.871,0.871,1575,7,20,34016.157958984375
0.871,0.871,0.871,1576,7,20,34036.630794763565
0.871,0.871,0.871,1577,7,20,34055.58918762207
0.871,0.871,0.871,1578,7,20,34077.9847984314
0.871,0.871,0.871,1579,7,20,34097.82475090027
0.871,0.871,0.871,1580,7,20,34120.13160061836
0.871,0.871,0.871,1581,7,20,34141.980167627335
0.871,0.871,0.871,1582,7,20,34163.95976090431
0.871,0.871,0.871,1583,7,20,34181.9074652195
0.871,0.871,0.871,1584,7,20,34204.69492840767
0.871,0.871,0.871,1585,7,20,34227.42718291283
0.871,0.871,0.871,1586,7,20,34254.13689661026
0.871,0.871,0.871,1587,7,20,34275.97857236862
0.871,0.871,0.871,1588,7,20,34295.37727022171
0.871,0.871,0.871,1589,7,20,34317.61172556877
0.871,0.871,0.871,1590,7,20,34339.68566775322
0.871,0.871,0.871,1591,7,20,34360.39484834671
0.871,0.871,0.871,1592,7,20,34382.57825946808
0.871,0.871,0.871,1593,7,20,34404.71262907982
0.871,0.871,0.871,1594,7,20,34426.97732973099
0.871,0.871,0.871,1595,7,20,34454.84785819054
0.871,0.871,0.871,1596,7,20,34473.41444039345
0.871,0.871,0.871,1597,7,20,34494.44399333
0.871,0.871,0.871,1598,7,20,34515.46225595474
0.871,0.871,0.871,1599,7,20,34535.839487314224
0.871,0.871,0.871,1600,7,20,34556.55185174942
0.871,0.871,0.871,1601,7,20,34579.168486595154
0.871,0.871,0.871,1602,7,20,34599.27554130554
0.871,0.871,0.871,1603,7,20,34621.108096838
0.871,0.871,0.871,1604,7,20,34644.81835055351
0.871,0.871,0.871,1605,7,20,34666.83273983002
0.871,0.871,0.871,1606,7,20,34687.75992226601
0.871,0.871,0.871,1607,7,20,34708.43540906906
0.871,0.871,0.871,1608,7,20,34729.72629785538
0.871,0.871,0.871,1609,7,20,34750.85022163391
0.871,0.871,0.871,1610,7,20,34772.09142804146
0.871,0.871,0.871,1611,7,20,34792.486530303955
0.871,0.871,0.871,1612,7,20,34812.89171862602
0.871,0.871,0.871,1613,7,20,34833.977820158005
0.871,0.871,0.871,1614,7,20,34861.15515065193
0.871,0.871,0.871,1615,7,20,34882.551753759384
0.871,0.871,0.871,1616,7,20,34903.955343961716
0.871,0.871,0.871,1617,7,20,34923.89642262459
0.871,0.871,0.871,1618,7,20,34946.41109895706
0.871,0.871,0.871,1619,7,20,34969.42712330818
0.871,0.871,0.871,1620,7,20,34989.68348073959
0.871,0.871,0.871,1621,7,20,35012.116418123245
0.871,0.871,0.871,1622,7,20,35032.14402747154
0.871,0.871,0.871,1623,7,20,35054.33747243881
0.871,0.871,0.871,1624,7,20,35074.68023133278
0.871,0.871,0.871,1625,7,20,35096.606835603714
0.871,0.871,0.871,1626,7,20,35119.6062772274
0.871,0.871,0.871,1627,7,20,35139.92236328125
0.871,0.871,0.871,1628,7,20,35160.829790353775
0.871,0.871,0.871,1629,7,20,35182.540529966354
0.871,0.871,0.871,1630,7,20,35204.406042099
0.871,0.871,0.871,1631,7,20,35225.05283117294
0.871,0.871,0.871,1632,7,20,35246.08819437027
0.871,0.871,0.871,1633,7,20,35266.45600390434
0.871,0.871,0.871,1634,7,20,35288.691194057465
0.871,0.871,0.871,1635,7,20,35311.23522949219
0.871,0.871,0.871,1636,7,20,35333.17365479469
0.871,0.871,0.871,1637,7,20,35354.66563916206
0.871,0.871,0.871,1638,7,20,35375.430016994476
0.871,0.871,0.871,1639,7,20,35396.35724592209
0.871,0.871,0.871,1640,7,20,35415.915380477905
0.871,0.871,0.871,1641,7,20,35435.46505975723
0.871,0.871,0.871,1642,7,20,35467.10950946808
0.871,0.871,0.871,1643,7,20,35488.12976527214
0.871,0.871,0.871,1644,7,20,35508.59699487686
0.871,0.871,0.871,1645,7,20,35527.92385554314
0.871,0.871,0.871,1646,7,20,35548.133199453354
0.871,0.871,0.871,1647,7,20,35571.04526805878
0.871,0.871,0.871,1648,7,20,35591.87822818756
0.871,0.871,0.871,1649,7,20,35613.36324119568
0.871,0.871,0.871,1650,7,20,35635.59691166878
0.871,0.871,0.871,1651,7,20,35657.173293828964
0.871,0.871,0.871,1652,7,20,35679.02823448181
0.871,0.871,0.871,1653,7,20,35699.02311992645
0.871,0.871,0.871,1654,7,20,35716.41714549065
0.871,0.871,0.871,1655,7,20,35738.87851548195
0.871,0.871,0.871,1656,7,20,35759.08194947243
0.871,0.871,0.871,1657,7,20,35780.29845094681
0.871,0.871,0.871,1658,7,20,35801.81296348572
0.871,0.871,0.871,1659,7,20,35823.632804870605
0.871,0.871,0.871,1660,7,20,35845.13003253937
0.871,0.871,0.871,1661,7,20,35865.63397908211
0.871,0.871,0.871,1662,7,20,35885.93113613129
0.871,0.871,0.871,1663,7,20,35906.902806043625
0.871,0.871,0.871,1664,7,20,35926.536244392395
0.871,0.871,0.871,1665,7,20,35949.28833460808
0.871,0.871,0.871,1666,7,20,35969.81175374985
0.871,0.871,0.871,1667,7,20,35990.87997961044
0.871,0.871,0.871,1668,7,20,36015.00942349434
0.871,0.871,0.871,1669,7,20,36039.99859189987
0.871,0.871,0.871,1670,7,20,36062.22669172287
0.871,0.871,0.871,1671,7,20,36082.16053891182
0.871,0.871,0.871,1672,7,20,36103.37242269516
0.871,0.871,0.871,1673,7,20,36123.42262721062
0.871,0.871,0.871,1674,7,20,36144.82612872124
0.871,0.871,0.871,1675,7,20,36164.97877788544
0.871,0.871,0.871,1676,7,20,36185.991585731506
0.871,0.871,0.871,1677,7,20,36206.45324873924
0.871,0.871,0.871,1678,7,20,36229.802471637726
0.871,0.871,0.871,1679,7,20,36250.91612625122
0.871,0.871,0.871,1680,7,20,36270.48408865929
0.871,0.871,0.871,1681,7,20,36291.961906671524
0.871,0.871,0.871,1682,7,20,36314.129044532776
0.871,0.871,0.871,1683,7,20,36335.65047264099
0.871,0.871,0.871,1684,7,20,36356.10989522934
0.871,0.871,0.871,1685,7,20,36377.85095310211
0.871,0.871,0.871,1686,7,20,36398.66219520569
0.871,0.871,0.871,1687,7,20,36420.07286858559
0.871,0.871,0.871,1688,7,20,36443.06310081482
0.871,0.871,0.871,1689,7,20,36462.46386027336
0.871,0.871,0.871,1690,7,20,36482.64854478836
0.871,0.871,0.871,1691,7,20,36503.555882930756
0.871,0.871,0.871,1692,7,20,36523.62411236763
0.871,0.871,0.871,1693,7,20,36546.42956876755
0.871,0.871,0.871,1694,7,20,36567.05982899666
0.871,0.871,0.871,1695,7,20,36587.85962176323
0.871,0.871,0.871,1696,7,20,36608.2848982811
0.871,0.871,0.871,1697,7,20,36628.30164837837
0.871,0.871,0.871,1698,7,20,36655.01064324379
0.871,0.871,0.871,1699,7,20,36675.79294848442
0.871,0.871,0.871,1700,7,20,36697.16829609871
0.871,0.871,0.871,1701,7,20,36716.86245727539
0.871,0.871,0.871,1702,7,20,36739.78802847862
0.871,0.871,0.871,1703,7,20,36760.36161565781
0.871,0.871,0.871,1704,7,20,36780.43701338768
0.871,0.871,0.871,1705,7,20,36801.05425405502
0.871,0.871,0.871,1706,7,20,36820.214268922806
0.871,0.871,0.871,1707,7,20,36843.21065187454
0.871,0.871,0.871,1708,7,20,36865.19403767586
0.871,0.871,0.871,1709,7,20,36883.915764570236
0.871,0.871,0.871,1710,7,20,36904.29880166054
0.871,0.871,0.871,1711,7,20,36926.09297442436
0.871,0.871,0.871,1712,7,20,36948.69870042801
0.871,0.871,0.871,1713,7,20,36969.42061185837
0.871,0.871,0.871,1714,7,20,36989.60160279274
0.871,0.871,0.871,1715,7,20,37009.837918281555
0.871,0.871,0.871,1716,7,20,37030.20386552811
0.871,0.871,0.871,1717,7,20,37049.82311987877
0.871,0.871,0.871,1718,7,20,37072.318791389465
0.871,0.871,0.871,1719,7,20,37092.10966730118
0.871,0.871,0.871,1720,7,20,37113.31133532524
0.871,0.871,0.871,1721,7,20,37134.895849466324
0.871,0.871,0.871,1722,7,20,37157.290538072586
0.871,0.871,0.871,1723,7,20,37178.35540699959
0.871,0.871,0.871,1724,7,20,37199.811670303345
0.871,0.871,0.871,1725,7,20,37220.11948680878
0.871,0.871,0.871,1726,7,20,37247.03726267815
0.871,0.871,0.871,1727,7,20,37266.31960630417
0.871,0.871,0.871,1728,7,20,37287.158021211624
0.871,0.871,0.871,1729,7,20,37307.42906475067
0.871,0.871,0.871,1730,7,20,37325.44227266312
0.871,0.871,0.871,1731,7,20,37346.98650074005
0.871,0.871,0.871,1732,7,20,37367.48787856102
0.871,0.871,0.871,1733,7,20,37387.252344846725
0.871,0.871,0.871,1734,7,20,37408.20328211784
0.871,0.871,0.871,1735,7,20,37430.39330291748
0.871,0.871,0.871,1736,7,20,37450.83750748634
0.871,0.871,0.871,1737,7,20,37471.69456076622
0.871,0.871,0.871,1738,7,20,37492.859147787094
0.871,0.871,0.871,1739,7,20,37513.60568809509
0.871,0.871,0.871,1740,7,20,37534.825944662094
0.871,0.871,0.871,1741,7,20,37556.528683662415
0.871,0.871,0.871,1742,7,20,37577.24933028221
0.871,0.871,0.871,1743,7,20,37597.65591621399
0.871,0.871,0.871,1744,7,20,37620.496143341064
0.871,0.871,0.871,1745,7,20,37641.849590063095
0.871,0.871,0.871,1746,7,20,37663.492324352264
0.871,0.871,0.871,1747,7,20,37685.12809205055
0.871,0.871,0.871,1748,7,20,37706.329535245895
0.871,0.871,0.871,1749,7,20,37729.13878321648
0.871,0.871,0.871,1750,7,20,37751.55940699577
0.871,0.871,0.871,1751,7,20,37772.09674668312
0.871,0.871,0.871,1752,7,20,37790.5758934021
0.871,0.871,0.871,1753,7,20,37811.77719831467
0.871,0.871,0.871,1754,7,20,37833.43111681938
0.871,0.871,0.871,1755,7,20,37857.02794671059
0.871,0.871,0.871,1756,7,20,37878.52841925621
0.871,0.871,0.871,1757,7,20,37899.2696852684
0.871,0.871,0.871,1758,7,20,37919.68457698822
0.871,0.871,0.871,1759,7,20,37941.5071349144
0.871,0.871,0.871,1760,7,20,37960.29577922821
0.871,0.871,0.871,1761,7,20,37981.632610321045
0.871,0.871,0.871,1762,7,20,38003.072976350784
0.871,0.871,0.871,1763,7,20,38023.72529935837
0.871,0.871,0.871,1764,7,20,38044.42298913002
0.871,0.871,0.871,1765,7,20,38071.57109928131
0.871,0.871,0.871,1766,7,20,38091.85004901886
0.871,0.871,0.871,1767,7,20,38110.60237789154
0.871,0.871,0.871,1768,7,20,38130.06700921059
0.871,0.871,0.871,1769,7,20,38150.06085586548
0.871,0.871,0.871,1770,7,20,38174.49392390251
0.871,0.871,0.871,1771,7,20,38193.483250141144
0.871,0.871,0.871,1772,7,20,38215.10609984398
0.871,0.871,0.871,1773,7,20,38238.59193563461
0.871,0.871,0.871,1774,7,20,38264.84883284569
0.871,0.871,0.871,1775,7,20,38287.064638376236
0.871,0.871,0.871,1776,7,20,38307.85837674141
0.871,0.871,0.871,1777,7,20,38329.123483896255
0.871,0.871,0.871,1778,7,20,38348.505678892136
0.871,0.871,0.871,1779,7,20,38370.29936146736
0.871,0.871,0.871,1780,7,20,38390.396408081055
0.871,0.871,0.871,1781,7,20,38411.613292217255
0.871,0.871,0.871,1782,7,20,38433.37842154503
0.871,0.871,0.871,1783,7,20,38458.990609169006
0.871,0.871,0.871,1784,7,20,38479.311799526215
0.871,0.871,0.871,1785,7,20,38500.82439780235
0.871,0.871,0.871,1786,7,20,38520.35526108742
0.871,0.871,0.871,1787,7,20,38543.3345246315
0.871,0.871,0.871,1788,7,20,38565.09295773506
0.871,0.871,0.871,1789,7,20,38585.52712726593
0.871,0.871,0.871,1790,7,20,38608.900909900665
0.871,0.871,0.871,1791,7,20,38632.16681456566
0.871,0.871,0.871,1792,7,20,38654.34585547447
0.871,0.871,0.871,1793,7,20,38674.501603126526
0.871,0.871,0.871,1794,7,20,38696.675753355026
0.871,0.871,0.871,1795,7,20,38715.685044288635
0.871,0.871,0.871,1796,7,20,38735.649542570114
0.871,0.871,0.871,1797,7,20,38756.68146252632
0.871,0.871,0.871,1798,7,20,38775.843314647675
0.871,0.871,0.871,1799,7,20,38798.3259036541
0.871,0.871,0.871,1800,7,20,38817.059544324875
0.871,0.871,0.871,1801,7,20,38837.91789531708
0.871,0.871,0.871,1802,7,20,38859.754371881485
